-- phpMyAdmin SQL Dump
-- version 4.5.4.1deb2ubuntu2.1
-- http://www.phpmyadmin.net
--
-- Host: localhost
-- Generation Time: Sep 14, 2019 at 01:08 PM
-- Server version: 5.7.27-0ubuntu0.16.04.1
-- PHP Version: 7.0.33-0ubuntu0.16.04.6

SET SQL_MODE = "NO_AUTO_VALUE_ON_ZERO";
SET time_zone = "+00:00";


/*!40101 SET @OLD_CHARACTER_SET_CLIENT=@@CHARACTER_SET_CLIENT */;
/*!40101 SET @OLD_CHARACTER_SET_RESULTS=@@CHARACTER_SET_RESULTS */;
/*!40101 SET @OLD_COLLATION_CONNECTION=@@COLLATION_CONNECTION */;
/*!40101 SET NAMES utf8mb4 */;

--
-- Database: `speed_antre`
--

-- --------------------------------------------------------

--
-- Table structure for table `antreimg_`
--

CREATE TABLE `antreimg_` (
  `_idimg` bigint(16) NOT NULL,
  `_type` tinyint(1) NOT NULL COMMENT '1=add, 2=result',
  `_antreId` bigint(16) NOT NULL,
  `_img` varchar(30) NOT NULL
) ENGINE=InnoDB DEFAULT CHARSET=latin1;

--
-- Dumping data for table `antreimg_`
--

INSERT INTO `antreimg_` (`_idimg`, `_type`, `_antreId`, `_img`) VALUES
(49, 1, 135, '20181221140722.jpg'),
(116, 1, 203, '20190104111229.jpg'),
(117, 1, 203, '20190104111338.jpg'),
(131, 1, 213, '20190107102430.jpg'),
(152, 1, 227, '20190107145812.jpg'),
(153, 1, 332, '20190706114353.jpg'),
(154, 2, 331, '20190706114353.jpg'),
(155, 1, 335, '20190706115341.jpg'),
(156, 2, 334, '20190706115341.jpg'),
(157, 1, 335, '20190706115323.jpg'),
(158, 2, 334, '20190706115323.jpg'),
(159, 1, 338, '20190708093426.jpg'),
(160, 2, 337, '20190708093426.jpg'),
(161, 1, 354, '20190708173742.jpg'),
(162, 2, 353, '20190708173742.jpg'),
(163, 1, 354, '20190708173727.jpg'),
(164, 2, 353, '20190708173727.jpg');

-- --------------------------------------------------------

--
-- Table structure for table `antreresult_`
--

CREATE TABLE `antreresult_` (
  `_antreId` bigint(16) NOT NULL,
  `_img` varchar(30) NOT NULL
) ENGINE=InnoDB DEFAULT CHARSET=latin1;

-- --------------------------------------------------------

--
-- Table structure for table `antre_`
--

CREATE TABLE `antre_` (
  `_antreId` bigint(16) NOT NULL,
  `_userId` bigint(16) NOT NULL,
  `_spotId` bigint(16) NOT NULL,
  `_noAntrean` bigint(16) NOT NULL,
  `_statusAntrean` tinyint(1) NOT NULL COMMENT '0=mendaftar, 1=checkin, 2=diproses,3=selesai, 4=cancel, 5=reject, 6=rating',
  `_keterangan` text NOT NULL,
  `_tanggal` date NOT NULL,
  `_hari` int(1) NOT NULL,
  `_estimasi` time NOT NULL,
  `_nama` varchar(50) NOT NULL,
  `_code` varchar(10) NOT NULL,
  `_validasi` tinyint(1) NOT NULL DEFAULT '0' COMMENT 'validasi sudah(1) dan belum(0)',
  `updatep` datetime NOT NULL
) ENGINE=InnoDB DEFAULT CHARSET=latin1;

--
-- Dumping data for table `antre_`
--

INSERT INTO `antre_` (`_antreId`, `_userId`, `_spotId`, `_noAntrean`, `_statusAntrean`, `_keterangan`, `_tanggal`, `_hari`, `_estimasi`, `_nama`, `_code`, `_validasi`, `updatep`) VALUES
(1, 0, 1, 1, 3, 'tes', '2018-10-05', 3, '10:10:00', 'wawan', '', 0, '0000-00-00 00:00:00'),
(2, 1, 9, 2, 3, 'ok', '2018-10-05', 2, '10:10:00', '', '', 0, '0000-00-00 00:00:00'),
(3, 1, 14, 1, 0, 'daftar ya', '2018-10-05', 1, '10:10:00', '', '', 0, '0000-00-00 00:00:00'),
(4, 0, 9, 3, 1, 'membuat rekening baru. untuk saya sendiri. karena rekening yang lama sudah hilang', '2018-10-04', 0, '00:00:00', 'Ida Bagus Wira Negara', '', 0, '0000-00-00 00:00:00'),
(5, 0, 9, 4, 1, 'membuat rekening baru ', '2018-10-05', 0, '00:00:00', 'Tutde Suputrawan', '', 0, '0000-00-00 00:00:00'),
(6, 0, 10, 1, 1, 'tes', '2018-10-05', 0, '00:00:00', 'Wira', '', 1, '0000-00-00 00:00:00'),
(7, 0, 9, 5, 3, 'cek darah', '2018-10-05', 0, '00:00:00', 'Gus Wira', '', 0, '0000-00-00 00:00:00'),
(8, 0, 9, 6, 1, 'kontrol', '2018-10-05', 0, '00:00:00', 'Aditya Wikardian', '', 0, '0000-00-00 00:00:00'),
(9, 0, 9, 7, 1, 'kontrol', '2018-10-05', 0, '00:00:00', 'Aditya Wikardian', '', 0, '0000-00-00 00:00:00'),
(10, 0, 9, 8, 1, 'cek rutin', '2018-10-05', 0, '00:00:00', 'Terisna Negara', '', 0, '0000-00-00 00:00:00'),
(11, 0, 9, 9, 1, 'pusing', '2018-10-05', 0, '00:00:00', 'Saya', '', 0, '0000-00-00 00:00:00'),
(12, 0, 9, 10, 1, 'cek kolestrol', '2019-10-05', 0, '00:00:00', 'Bayu Negara', '', 0, '0000-00-00 00:00:00'),
(13, 1, 11, 1, 0, 'periksa harian', '2018-10-08', 1, '10:10:00', '', '', 0, '0000-00-00 00:00:00'),
(14, 1, 11, 2, 0, 'aa', '2018-10-08', 1, '10:10:00', '', '', 0, '0000-00-00 00:00:00'),
(15, 1, 14, 1, 0, 'daftar', '2018-10-08', 1, '10:10:00', '', '', 0, '0000-00-00 00:00:00'),
(16, 1, 10, 1, 0, 'aaa', '2018-10-09', 2, '10:10:00', '', '', 0, '0000-00-00 00:00:00'),
(17, 0, 9, 1, 3, 'lol', '2018-10-08', 0, '00:00:00', 'Asit', '', 0, '0000-00-00 00:00:00'),
(18, 0, 9, 2, 3, 'wkwk', '2018-10-08', 0, '00:00:00', 'Lol Tipo', '', 0, '0000-00-00 00:00:00'),
(19, 0, 9, 3, 1, 'ghhjj', '2018-10-08', 0, '00:00:00', 'Bdak Hdg Ghjj', '', 0, '0000-00-00 00:00:00'),
(20, 0, 9, 1, 3, 'periksa darah', '2018-10-09', 0, '00:00:00', 'Adit', '', 0, '0000-00-00 00:00:00'),
(21, 0, 9, 2, 3, 'suputrawan', '2018-10-09', 0, '00:00:00', 'Tutde suputrawan', '', 0, '0000-00-00 00:00:00'),
(22, 0, 14, 1, 1, 'Rahasia dong', '2018-10-09', 0, '00:00:00', 'Wira', '', 0, '0000-00-00 00:00:00'),
(23, 0, 9, 3, 2, 'guswira', '2018-10-09', 0, '00:00:00', 'Wira', '', 0, '0000-00-00 00:00:00'),
(24, 0, 16, 1, 1, 'periksa ', '2018-10-09', 0, '00:00:00', 'Wira Negara', '', 0, '0000-00-00 00:00:00'),
(25, 0, 15, 2, 1, 'aaa', '2018-10-09', 0, '00:00:00', 'Tutde Supu', '', 0, '0000-00-00 00:00:00'),
(26, 0, 15, 3, 5, 'aaa', '2018-10-09', 0, '00:00:00', 'Tutde Supu', '', 0, '0000-00-00 00:00:00'),
(27, 0, 15, 4, 1, 'aa', '2018-10-09', 0, '00:00:00', 'Wira', '', 0, '0000-00-00 00:00:00'),
(28, 0, 15, 1, 1, 'Cek darah', '2018-10-10', 0, '00:00:00', 'Wira Negara', '', 0, '0000-00-00 00:00:00'),
(29, 0, 15, 2, 2, 'tes', '2018-10-10', 0, '00:00:00', 'Wira', '', 0, '0000-00-00 00:00:00'),
(30, 1, 15, 3, 0, 'mau daftar ', '2018-10-10', 3, '10:10:00', '', '', 0, '0000-00-00 00:00:00'),
(31, 1, 15, 1, 0, 'lol', '2018-10-25', 4, '10:10:00', '', '', 0, '0000-00-00 00:00:00'),
(32, 2, 15, 4, 4, 'daftar', '2018-10-10', 3, '10:10:00', '', '', 0, '0000-00-00 00:00:00'),
(33, 2, 15, 5, 3, 'daftar lagi', '2018-10-10', 3, '10:10:00', '', '', 0, '0000-00-00 00:00:00'),
(34, 1, 15, 1, 3, 'aa', '2018-10-11', 4, '08:00:00', '', '1110LH75', 0, '0000-00-00 00:00:00'),
(35, 2, 15, 2, 4, 'saya ngantri disini aja ya', '2018-10-11', 4, '08:20:00', '', '1110JD41', 0, '0000-00-00 00:00:00'),
(36, 2, 15, 3, 3, 'saya ngantri disini aja ya', '2018-10-11', 4, '08:40:00', '', '1110VN04', 0, '0000-00-00 00:00:00'),
(37, 2, 15, 1, 4, 'aaaa', '2018-10-12', 5, '08:00:00', '', '1110XF58', 0, '0000-00-00 00:00:00'),
(38, 1, 15, 4, 3, '1', '2018-10-11', 0, '09:00:00', '1', '', 0, '0000-00-00 00:00:00'),
(39, 0, 15, 5, 5, 'cek rutin', '2018-10-11', 0, '09:20:00', 'Tutde Suputrawan', '', 0, '0000-00-00 00:00:00'),
(40, 0, 15, 6, 4, 'lagi', '2018-10-11', 0, '09:40:00', 'Adit', '', 0, '0000-00-00 00:00:00'),
(41, 0, 15, 7, 1, 'tes lagi', '2018-10-11', 0, '10:40:00', 'Wira Negara', '', 0, '0000-00-00 00:00:00'),
(42, 2, 15, 8, 4, 'daftar lagi', '2018-10-11', 4, '10:20:00', '', '1110CD02', 0, '0000-00-00 00:00:00'),
(43, 0, 15, 9, 1, 'wira', '2018-10-11', 0, '10:20:00', 'Wira', '', 0, '0000-00-00 00:00:00'),
(44, 2, 15, 10, 0, 'jjj', '2018-10-11', 4, '10:00:00', '', '1110WM77', 0, '0000-00-00 00:00:00'),
(45, 1, 11, 1, 1, 'ikut', '2018-10-11', 4, '10:05:00', '', '1110RR25', 0, '0000-00-00 00:00:00'),
(46, 1, 11, 2, 4, 'klll', '2018-10-11', 4, '08:25:00', '', '1110DF27', 0, '0000-00-00 00:00:00'),
(47, 1, 11, 3, 1, 'kkk', '2018-10-11', 4, '09:40:00', '', '1110IE26', 0, '0000-00-00 00:00:00'),
(48, 1, 11, 4, 2, 'aaaa', '2018-10-11', 4, '09:15:00', '', '1110MW86', 0, '0000-00-00 00:00:00'),
(49, 1, 15, 11, 1, 'aaa', '2018-10-11', 4, '08:40:00', '', '1110NL61', 0, '0000-00-00 00:00:00'),
(50, 1, 10, 1, 1, 'aaa', '2018-10-11', 4, '08:00:00', '', '1110NW32', 0, '0000-00-00 00:00:00'),
(51, 1, 11, 5, 3, 'aaa', '2018-10-11', 4, '08:00:00', '', '1110IP83', 0, '0000-00-00 00:00:00'),
(52, 2, 15, 2, 4, 'daftar sekarang', '2018-10-12', 5, '08:20:00', '', '1210YG92', 0, '0000-00-00 00:00:00'),
(53, 2, 15, 1, 4, 'bulan depan', '2018-11-12', 1, '08:00:00', '', '1210AV62', 0, '0000-00-00 00:00:00'),
(54, 2, 15, 3, 3, 'test lagi ya', '2018-10-12', 5, '08:00:00', '', '1210QJ02', 0, '0000-00-00 00:00:00'),
(55, 2, 15, 4, 3, 'also', '2018-10-12', 5, '09:00:00', '', '1210MN73', 0, '0000-00-00 00:00:00'),
(56, 2, 15, 5, 0, 'aaa', '2018-10-12', 5, '09:20:00', '', '1210BG26', 0, '0000-00-00 00:00:00'),
(57, 2, 15, 6, 0, 'aaa', '2018-10-12', 5, '09:40:00', '', '1210AT33', 0, '0000-00-00 00:00:00'),
(58, 2, 15, 7, 0, 'aaaa', '2018-10-12', 5, '10:00:00', '', '1210RN95', 0, '0000-00-00 00:00:00'),
(59, 0, 15, 8, 2, 'masuk ', '2018-10-12', 0, '10:20:00', 'Tutde Suputrawan', '', 0, '0000-00-00 00:00:00'),
(60, 3, 15, 9, 4, 'belajar', '2018-10-12', 5, '10:40:00', '', '1210VV90', 0, '0000-00-00 00:00:00'),
(61, 3, 15, 10, 3, 'aaa', '2018-10-12', 5, '08:00:00', '', '1210LI70', 0, '0000-00-00 00:00:00'),
(62, 2, 15, 11, 3, 'lll', '2018-10-12', 5, '11:20:00', '', '1210EK94', 0, '0000-00-00 00:00:00'),
(63, 2, 11, 1, 1, 'aaaa', '2018-10-15', 1, '08:00:00', '', '1510CJ30', 0, '0000-00-00 00:00:00'),
(64, 0, 15, 1, 3, 'memeriksa', '2018-10-15', 0, '08:00:00', 'Wira Negara', '', 0, '0000-00-00 00:00:00'),
(65, 0, 15, 2, 1, 'periksa rutin. cek gula darah, asam urat, jantung semua yang perlu dicek dok. supaya sehat wkwk', '2018-10-15', 0, '08:20:00', 'Tutde Suputrawan', '', 0, '0000-00-00 00:00:00'),
(66, 2, 11, 2, 0, 'lagi', '2018-10-15', 1, '08:25:00', '', '1510TF58', 0, '0000-00-00 00:00:00'),
(67, 1, 11, 1, 4, '1', '2018-10-16', 2, '08:00:00', '', '1510YJ05', 0, '0000-00-00 00:00:00'),
(68, 2, 15, 1, 3, 'aaa', '2018-10-16', 2, '08:00:00', '', '1610ST26', 0, '0000-00-00 00:00:00'),
(69, 2, 15, 2, 0, 'aaaa', '2018-10-16', 2, '08:20:00', '', '1610EU41', 0, '0000-00-00 00:00:00'),
(70, 1, 11, 1, 0, '1', '2018-10-20', 6, '08:00:00', '', '1610JH91', 0, '0000-00-00 00:00:00'),
(71, 2, 17, 1, 0, 'aaa', '2018-10-16', 2, '08:00:00', '', '1610ES48', 0, '0000-00-00 00:00:00'),
(72, 2, 11, 1, 0, 'aaa', '2018-10-17', 3, '08:00:00', '', '1610UN65', 0, '0000-00-00 00:00:00'),
(73, 2, 15, 1, 0, 'fff', '2018-10-18', 4, '08:00:00', '', '1610QS43', 0, '0000-00-00 00:00:00'),
(74, 2, 15, 2, 0, 'fff', '2018-10-18', 4, '08:20:00', '', '1610IJ64', 0, '0000-00-00 00:00:00'),
(75, 1, 11, 1, 0, 'Registrasi', '2018-10-30', 2, '08:00:00', '', '1710UY64', 0, '0000-00-00 00:00:00'),
(76, 1, 11, 1, 4, 'Registrasi', '2018-10-31', 3, '08:00:00', '', '1710DQ78', 0, '0000-00-00 00:00:00'),
(77, 1, 11, 1, 4, 'Registrasi kartu atm', '2018-10-18', 4, '08:00:00', '', '1710SS31', 0, '0000-00-00 00:00:00'),
(78, 1, 14, 1, 0, 'lll', '2018-10-17', 3, '08:00:00', '', '1710RC20', 0, '0000-00-00 00:00:00'),
(79, 0, 14, 2, 2, 'ddd', '2018-10-17', 0, '08:20:00', 'test', '', 0, '0000-00-00 00:00:00'),
(80, 4, 11, 1, 4, 'Registrasi', '2018-10-19', 5, '08:00:00', '', '1910XO43', 0, '0000-00-00 00:00:00'),
(81, 4, 11, 1, 4, 'Registrasi', '2018-10-22', 1, '08:00:00', '', '1910HX95', 0, '0000-00-00 00:00:00'),
(82, 4, 15, 1, 4, 'Registrasi', '2018-10-24', 3, '12:39:00', '', '2410VD06', 0, '0000-00-00 00:00:00'),
(83, 4, 14, 1, 0, 'Registrasi', '2018-10-24', 3, '08:00:00', '', '2410QQ25', 0, '0000-00-00 00:00:00'),
(84, 4, 14, 1, 0, 'nabung', '2018-10-29', 1, '08:00:00', '', '2410BK93', 0, '0000-00-00 00:00:00'),
(85, 4, 13, 1, 0, 'test', '2018-12-18', 2, '08:00:00', '', '1812TX19', 0, '0000-00-00 00:00:00'),
(86, 4, 9, 1, 3, 'Test', '2018-12-18', 2, '08:00:00', '', '1812QA43', 0, '0000-00-00 00:00:00'),
(87, 1, 11, 1, 0, 'ok', '2018-12-19', 3, '08:00:00', '', '1912XV93', 0, '0000-00-00 00:00:00'),
(88, 1, 10, 1, 3, 'ok', '2018-12-19', 3, '08:00:00', '', '1912BO16', 0, '0000-00-00 00:00:00'),
(89, 1, 14, 1, 0, 'ok', '2018-12-19', 3, '08:00:00', '', '1912IJ41', 0, '0000-00-00 00:00:00'),
(90, 0, 10, 2, 3, 'd', '2018-12-19', 3, '08:00:00', 'Ok', '', 0, '0000-00-00 00:00:00'),
(91, 0, 10, 3, 3, 'd', '2018-12-19', 3, '07:07:00', 'Ok', '', 0, '0000-00-00 00:00:00'),
(92, 0, 10, 4, 3, 'ddd', '2018-12-19', 3, '08:00:00', 'Dddd', '', 0, '0000-00-00 00:00:00'),
(93, 0, 10, 5, 3, 'ddd', '2018-12-19', 3, '08:00:00', 'Test', '', 0, '0000-00-00 00:00:00'),
(94, 0, 10, 6, 3, 'ddd', '2018-12-19', 3, '07:13:00', 'Test', '', 0, '0000-00-00 00:00:00'),
(95, 0, 10, 7, 3, 'dd', '2018-12-19', 3, '08:00:00', 'Test', '', 0, '0000-00-00 00:00:00'),
(96, 1, 13, 1, 0, 'aa', '2018-12-19', 3, '08:00:00', '', '1912ME35', 0, '0000-00-00 00:00:00'),
(97, 1, 15, 1, 0, 'aaa', '2018-12-19', 3, '08:00:00', '', '1912YS99', 0, '0000-00-00 00:00:00'),
(98, 1, 17, 1, 0, 'ok saya daftar', '2018-12-19', 3, '08:31:00', '', '1912EQ08', 0, '0000-00-00 00:00:00'),
(99, 1, 17, 1, 0, 'ok saya daftar', '2018-12-19', 3, '08:31:00', '', '1912KN59', 0, '0000-00-00 00:00:00'),
(100, 1, 11, 1, 0, 'ok', '2018-12-20', 4, '08:00:00', '', '2012JL66', 0, '0000-00-00 00:00:00'),
(101, 1, 10, 1, 3, 'periksa dok', '2018-12-20', 4, '08:00:00', '', '2012KY77', 0, '0000-00-00 00:00:00'),
(102, 0, 10, 2, 3, 'ok', '2018-12-20', 4, '08:00:00', 'Test1', '', 0, '0000-00-00 00:00:00'),
(103, 1, 9, 1, 1, 'This customer forwarded from Penyetoran', '2018-12-20', 0, '08:00:00', '', '', 0, '0000-00-00 00:00:00'),
(104, 0, 10, 3, 3, 'dd', '2018-12-20', 4, '08:00:00', 'Aaa', '', 0, '0000-00-00 00:00:00'),
(105, 0, 11, 2, 1, 'This customer forwarded from Penyetoran', '2018-12-20', 0, '08:25:00', 'Aaa', '', 0, '0000-00-00 00:00:00'),
(106, 4, 11, 1, 4, 'Registration', '2018-12-21', 5, '08:00:00', '', '2012TF41', 0, '0000-00-00 00:00:00'),
(107, 0, 10, 4, 3, 'mmm', '2018-12-20', 4, '08:00:00', 'Jjj', '', 0, '0000-00-00 00:00:00'),
(108, 0, 10, 5, 3, 'ddd', '2018-12-20', 4, '08:00:00', 'Test', '', 0, '0000-00-00 00:00:00'),
(109, 0, 10, 6, 3, 'ddd', '2018-12-20', 4, '05:59:00', 'Test', '', 0, '0000-00-00 00:00:00'),
(110, 0, 10, 7, 3, 'ddd', '2018-12-20', 4, '08:00:00', 'Test', '', 0, '0000-00-00 00:00:00'),
(111, 0, 10, 8, 3, 'ok deh', '2018-12-20', 4, '08:00:00', 'Test Dong', '', 0, '0000-00-00 00:00:00'),
(112, 0, 10, 9, 3, 'dd', '2018-12-20', 4, '08:00:00', 'Omk', '', 0, '0000-00-00 00:00:00'),
(113, 0, 10, 10, 3, 'lalalad', '2018-12-20', 4, '08:00:00', 'Okdeh', '', 0, '0000-00-00 00:00:00'),
(114, 0, 11, 3, 1, 'This customer forwarded from Penyetoran', '2018-12-20', 0, '08:50:00', 'Okdeh', '', 0, '0000-00-00 00:00:00'),
(115, 4, 15, 1, 0, 'Mau Registrasi', '2018-12-20', 4, '16:35:00', '', '2012FH21', 0, '0000-00-00 00:00:00'),
(116, 5, 15, 2, 0, 'add ya', '2018-12-20', 4, '16:55:00', '', '2012DS27', 0, '0000-00-00 00:00:00'),
(117, 5, 17, 1, 0, 'ok', '2018-12-20', 4, '16:42:00', '', '2012TN47', 0, '0000-00-00 00:00:00'),
(118, 0, 9, 11, 1, 'ok', '2019-07-10', 4, '16:44:00', 'WAYAN', '2012RT11', 0, '0000-00-00 00:00:00'),
(119, 5, 14, 1, 0, 'tes', '2018-12-24', 1, '08:00:00', '', '2012XI79', 0, '0000-00-00 00:00:00'),
(120, 1, 10, 1, 3, 'aaa', '2018-12-21', 5, '08:00:00', '', '2012UX51', 0, '0000-00-00 00:00:00'),
(121, 5, 11, 1, 0, 'ok', '2018-12-22', 6, '08:00:00', '', '2012XX49', 0, '0000-00-00 00:00:00'),
(122, 5, 15, 1, 0, 'test', '2018-12-26', 3, '08:00:00', '', '2012TJ62', 0, '0000-00-00 00:00:00'),
(123, 5, 15, 2, 0, 'test', '2018-12-26', 3, '08:20:00', '', '2012WT43', 0, '0000-00-00 00:00:00'),
(124, 5, 10, 1, 0, 'ok', '2018-12-28', 5, '08:00:00', '', '2012RM25', 0, '0000-00-00 00:00:00'),
(125, 5, 11, 1, 0, 'ok', '2018-12-27', 4, '08:00:00', '', '2012YO05', 0, '0000-00-00 00:00:00'),
(126, 1, 17, 1, 0, 'test', '2018-12-21', 5, '16:00:00', '', '2112EX56', 0, '0000-00-00 00:00:00'),
(127, 1, 17, 1, 0, 'ok', '2018-12-22', 6, '16:00:00', '', '2112MP41', 0, '0000-00-00 00:00:00'),
(128, 4, 15, 1, 4, 'Mau Registrasi', '2018-12-21', 5, '13:56:00', '', '2112UO79', 0, '0000-00-00 00:00:00'),
(129, 4, 15, 1, 0, 'Registrasi', '2018-12-22', 6, '16:00:00', '', '2112PT02', 0, '0000-00-00 00:00:00'),
(130, 0, 10, 2, 3, 'jek', '2018-12-21', 5, '16:00:00', 'Ok', '', 0, '0000-00-00 00:00:00'),
(131, 0, 10, 3, 3, 'ddd', '2018-12-21', 5, '05:42:00', 'Tesstd', '', 0, '0000-00-00 00:00:00'),
(132, 0, 10, 4, 3, 'okkk', '2018-12-21', 5, '05:46:00', 'Tested', '', 0, '0000-00-00 00:00:00'),
(133, 0, 17, 2, 1, 'This customer forwarded from Penyetoran', '2018-12-21', 0, '16:20:00', 'Tested', '', 0, '0000-00-00 00:00:00'),
(134, 1, 15, 2, 0, 'aaa', '2018-12-21', 5, '05:56:00', '', '2112VD09', 0, '0000-00-00 00:00:00'),
(135, 4, 13, 1, 4, 'Nabung', '2018-12-25', 2, '16:00:00', '', '2112YU61', 0, '0000-00-00 00:00:00'),
(136, 1, 15, 1, 0, 'okkoyok', '2018-12-24', 1, '16:00:00', '', '2112AU24', 0, '0000-00-00 00:00:00'),
(137, 4, 10, 5, 0, 'Mau nabung saham', '2018-12-21', 5, '16:04:00', '', '2112GX18', 0, '0000-00-00 00:00:00'),
(138, 6, 9, 1, 3, 'tes tes ', '2018-12-21', 5, '15:50:00', '', '2112VX88', 0, '0000-00-00 00:00:00'),
(139, 6, 11, 2, 1, 'This customer forwarded from Registrasi 2', '2018-12-21', 0, '00:16:00', '', '', 0, '2018-12-21 15:53:59'),
(140, 4, 10, 1, 4, 'Daftar online banking', '2018-12-24', 1, '16:00:00', '', '2112AE54', 0, '0000-00-00 00:00:00'),
(141, 4, 10, 1, 0, 'Daftar', '2018-12-26', 3, '16:00:00', '', '2112ON35', 0, '0000-00-00 00:00:00'),
(142, 4, 10, 1, 4, 'Diduga', '2018-12-27', 4, '16:00:00', '', '2112VD65', 0, '0000-00-00 00:00:00'),
(143, 6, 9, 1, 3, 'sakit', '2018-12-22', 6, '09:56:00', '', '2212TY41', 0, '2018-12-22 10:35:08'),
(144, 6, 10, 1, 3, 'sakit', '2018-12-22', 6, '10:00:00', '', '2212XD39', 0, '2018-12-22 10:01:40'),
(145, 6, 9, 2, 3, 'This customer forwarded from Penyetoran', '2018-12-22', 0, '18:41:00', '', '', 0, '2018-12-22 10:35:08'),
(146, 0, 10, 2, 1, 'jsu', '2018-12-22', 6, '18:00:00', 'Sjs', '', 0, '2018-12-22 11:49:50'),
(147, 1, 10, 3, 0, 'DewA skai sksjjs', '2018-12-22', 6, '10:25:00', '', '2212VT79', 0, '2018-12-22 10:31:43'),
(148, 6, 10, 2, 0, 'salit', '2018-12-24', 1, '08:00:00', '', '2212CJ83', 0, '0000-00-00 00:00:00'),
(149, 1, 9, 3, 3, 'Gbh', '2018-12-22', 6, '18:41:00', '', '2212RH55', 0, '2018-12-22 10:41:50'),
(150, 6, 11, 2, 2, 'This customer forwarded from BCA 1', '2018-12-22', 0, '19:06:00', '', '', 0, '0000-00-00 00:00:00'),
(151, 1, 14, 1, 0, 'Sjjs', '2018-12-22', 6, '10:44:00', '', '2212LB19', 0, '0000-00-00 00:00:00'),
(152, 1, 9, 1, 0, 'Jssmsn', '2018-12-24', 1, '16:00:00', '', '2212WK17', 0, '0000-00-00 00:00:00'),
(153, 6, 9, 1, 0, 'ghjj', '2018-12-25', 2, '16:00:00', '', '2212NS62', 0, '0000-00-00 00:00:00'),
(154, 1, 10, 1, 0, 'Bznssn', '2018-12-25', 2, '16:00:00', '', '2212BI37', 0, '0000-00-00 00:00:00'),
(155, 4, 15, 2, 4, 'Jkjkjk', '2018-12-24', 1, '16:20:00', '', '2212EY27', 0, '0000-00-00 00:00:00'),
(156, 4, 10, 2, 4, 'Assad', '2018-12-25', 2, '16:00:00', '', '2212KN25', 0, '0000-00-00 00:00:00'),
(157, 4, 14, 1, 0, 'Diff', '2018-12-23', 7, '17:45:00', '', '2212DR23', 0, '0000-00-00 00:00:00'),
(158, 4, 15, 1, 4, 'Dfdfdf', '2018-12-25', 2, '16:00:00', '', '2212MA41', 0, '0000-00-00 00:00:00'),
(159, 4, 9, 1, 0, 'Dads', '2018-12-26', 3, '16:00:00', '', '2212TU07', 0, '0000-00-00 00:00:00'),
(160, 1, 15, 1, 0, 'ok aaa', '2018-12-27', 4, '16:00:00', '', '2412FD84', 0, '0000-00-00 00:00:00'),
(161, 1, 14, 1, 0, 'aa', '2018-12-25', 2, '16:00:00', '', '2412TJ03', 0, '0000-00-00 00:00:00'),
(162, 1, 10, 1, 0, 'aaa', '2018-12-29', 6, '16:00:00', '', '2412VV46', 0, '0000-00-00 00:00:00'),
(163, 1, 10, 1, 0, 'aaa', '2018-12-31', 1, '16:00:00', '', '2412XC59', 0, '0000-00-00 00:00:00'),
(164, 4, 9, 2, 0, 'Daftar', '2018-12-24', 1, '17:04:00', '', '2412LT04', 0, '0000-00-00 00:00:00'),
(165, 4, 9, 2, 0, 'Daftar', '2018-12-25', 2, '16:00:00', '', '2412QI02', 0, '0000-00-00 00:00:00'),
(166, 4, 9, 1, 0, 'Daftar', '2018-12-27', 4, '16:00:00', '', '2412IG04', 0, '0000-00-00 00:00:00'),
(167, 4, 9, 1, 4, 'Daftar', '2018-12-28', 5, '00:00:00', '', '', 0, '0000-00-00 00:00:00'),
(168, 4, 9, 1, 4, 'Daftar', '2018-12-29', 6, '16:00:00', '', '2812WW51', 0, '0000-00-00 00:00:00'),
(169, 0, 9, 2, 3, 'jsjs', '2018-12-28', 5, '11:47:00', 'Dea', '', 0, '0000-00-00 00:00:00'),
(170, 4, 9, 1, 0, 'Daftar', '2018-12-31', 1, '16:00:00', '', '2812NO89', 0, '0000-00-00 00:00:00'),
(171, 0, 11, 1, 3, ':)', '2018-12-28', 5, '16:00:00', 'Ok Deh', '', 0, '0000-00-00 00:00:00'),
(172, 0, 11, 2, 3, 'd', '2018-12-28', 5, '06:34:00', 'Okk', '', 0, '0000-00-00 00:00:00'),
(173, 0, 9, 3, 3, 'This customer forwarded from bca 3', '2018-12-28', 0, '00:32:00', 'Okk', '', 0, '0000-00-00 00:00:00'),
(174, 0, 11, 3, 2, 'dd', '2018-12-28', 5, '06:55:00', 'Aaa', '', 0, '0000-00-00 00:00:00'),
(175, 4, 10, 2, 0, 'Daftar', '2018-12-28', 5, '16:00:00', '', '2812IF30', 0, '0000-00-00 00:00:00'),
(176, 4, 14, 1, 0, '', '2018-12-31', 1, '16:00:00', '', '2812YC17', 0, '0000-00-00 00:00:00'),
(177, 6, 9, 4, 3, 'sakut', '2018-12-28', 5, '00:32:00', '', '2812UL83', 0, '2018-12-28 16:32:08'),
(178, 1, 9, 5, 0, 'Jksak', '2018-12-28', 5, '00:32:00', '', '2812LW39', 0, '2018-12-28 16:32:31'),
(179, 1, 10, 3, 0, 'Zbbzsf', '2018-12-28', 5, '16:29:00', '', '2812AH18', 0, '0000-00-00 00:00:00'),
(180, 6, 10, 4, 0, 'tes', '2018-12-28', 5, '16:29:00', '', '2812HY87', 0, '0000-00-00 00:00:00'),
(181, 0, 9, 6, 1, 'dez', '2018-12-28', 5, '00:32:00', 'Dews', '', 0, '0000-00-00 00:00:00'),
(182, 6, 15, 1, 1, 'This customer forwarded from BCA 1', '2018-12-28', 0, '00:32:00', '', '', 0, '0000-00-00 00:00:00'),
(183, 6, 14, 1, 0, 'gui', '2018-12-29', 6, '17:45:00', '', '2812RC67', 0, '0000-00-00 00:00:00'),
(184, 0, 11, 4, 1, 'ddd', '2018-12-28', 5, '08:33:00', 'Aloha', '', 0, '0000-00-00 00:00:00'),
(185, 1, 15, 1, 0, 'Dds', '2018-12-29', 6, '16:00:00', '', '2812VS97', 0, '0000-00-00 00:00:00'),
(186, 6, 14, 1, 0, 'ffg', '2018-12-30', 7, '17:45:00', '', '2812CI46', 0, '0000-00-00 00:00:00'),
(187, 1, 14, 2, 0, 'Bbb', '2018-12-30', 7, '18:05:00', '', '2812AF57', 0, '0000-00-00 00:00:00'),
(188, 1, 9, 1, 0, 'Vbb', '2019-01-01', 2, '16:00:00', '', '2812SV08', 0, '0000-00-00 00:00:00'),
(189, 1, 15, 1, 4, 'Bs s', '2019-12-02', 1, '16:00:00', '', '2812OQ95', 0, '0000-00-00 00:00:00'),
(190, 0, 11, 1, 3, 'ok', '2019-01-02', 3, '16:00:00', 'Test', '', 0, '0000-00-00 00:00:00'),
(191, 0, 11, 1, 1, 'ddd', '2019-01-03', 4, '16:00:00', 'Zzzz', '', 0, '0000-00-00 00:00:00'),
(192, 1, 9, 1, 0, 'aaa', '2019-01-03', 4, '16:00:00', '', '301RH742', 0, '0000-00-00 00:00:00'),
(193, 1, 10, 1, 3, 'aaaa', '2019-01-03', 4, '16:00:00', '', '301CV152', 0, '0000-00-00 00:00:00'),
(194, 0, 10, 1, 1, 'ddd', '2019-01-04', 5, '16:00:00', 'Wah Error', '', 0, '0000-00-00 00:00:00'),
(195, 1, 10, 2, 3, 'aaa', '2019-01-04', 5, '01:32:00', '', '401NT74X', 0, '0000-00-00 00:00:00'),
(196, 6, 9, 1, 0, 'Ssmit', '2019-01-04', 5, '10:02:00', '', '401AW78E', 0, '0000-00-00 00:00:00'),
(197, 6, 10, 3, 0, 'Tes', '2019-01-04', 5, '23:04:00', '', '401AR50D', 0, '0000-00-00 00:00:00'),
(198, 7, 9, 2, 0, 'yyuu', '2019-01-04', 5, '18:02:00', '', '401YR93R', 0, '0000-00-00 00:00:00'),
(199, 7, 10, 4, 0, 'tty', '2019-01-04', 5, '23:14:00', '', '401UH495', 0, '0000-00-00 00:00:00'),
(200, 4, 10, 5, 0, 'Registernya', '2019-01-04', 5, '23:24:00', '', '401UX05H', 0, '0000-00-00 00:00:00'),
(201, 1, 11, 1, 0, 'aa', '2019-01-04', 5, '16:00:00', '', '401KC98A', 0, '0000-00-00 00:00:00'),
(202, 1, 17, 1, 0, 'ok', '2019-01-04', 5, '16:00:00', '', '401ST13U', 0, '0000-00-00 00:00:00'),
(203, 1, 13, 1, 0, 'ok deh', '2019-01-05', 6, '16:00:00', '', '401YM53E', 0, '0000-00-00 00:00:00'),
(204, 1, 15, 1, 3, 'ok\n', '2019-01-04', 5, '16:00:00', '', '401GK06Q', 0, '0000-00-00 00:00:00'),
(205, 1, 9, 1, 4, 'akhir januay', '2019-01-30', 3, '16:00:00', '', '401NV491', 0, '0000-00-00 00:00:00'),
(206, 1, 15, 1, 4, '31 january', '2019-01-31', 4, '16:00:00', '', '401BM89O', 0, '0000-00-00 00:00:00'),
(207, 1, 10, 1, 4, 'last desu', '2019-01-28', 1, '16:00:00', '', '401HS59J', 0, '0000-00-00 00:00:00'),
(208, 1, 9, 3, 1, 'This customer forwarded from bca 2', '2019-01-04', 0, '23:15:00', '', '', 0, '0000-00-00 00:00:00'),
(209, 7, 10, 1, 3, 'buka rekening baru dengan nomor I dewa made suka santika, ', '2019-01-07', 1, '10:01:00', '', '701TL615', 0, '2019-01-07 14:25:54'),
(210, 0, 10, 2, 3, 'ags', '2019-01-07', 1, '00:13:00', 'Dewa Adhi', '', 0, '2019-01-07 14:46:01'),
(211, 0, 10, 3, 1, 'sxx', '2019-01-07', 1, '00:14:00', 'Herman', '', 0, '2019-01-07 14:44:20'),
(212, 7, 9, 1, 3, 'ulang antri', '2019-01-07', 1, '10:18:00', '', '701RI31A', 0, '2019-01-07 12:01:14'),
(213, 7, 13, 1, 4, 'sjsj', '2019-01-07', 1, '10:23:00', '', '701TF340', 0, '0000-00-00 00:00:00'),
(214, 0, 9, 2, 3, 'akit', '2019-01-07', 1, '20:00:00', 'Bella Sayanb Dewa', '', 0, '2019-01-07 11:59:02'),
(215, 7, 10, 4, 1, 'This customer forwarded from BCA 1', '2019-01-07', 0, '00:24:00', '', '', 0, '2019-01-07 14:37:11'),
(216, 0, 10, 5, 3, 'This customer forwarded from BCA 1', '2019-01-07', 0, '00:43:00', 'Bella Sayanb Dewa', '', 0, '2019-01-07 14:33:26'),
(217, 6, 10, 6, 0, 'Tes', '2019-01-07', 1, '00:44:00', '', '701LV26H', 0, '2019-01-07 14:33:38'),
(218, 6, 11, 1, 4, 'Tes', '2019-01-07', 1, '13:35:00', '', '701IX97U', 0, '2019-01-07 13:46:35'),
(219, 7, 11, 2, 1, 'deposito', '2019-01-07', 1, '05:35:00', '', '701DJ99D', 0, '2019-01-07 13:46:05'),
(220, 0, 11, 3, 3, 'sakit', '2019-01-07', 1, '13:49:00', 'Agus', '', 0, '0000-00-00 00:00:00'),
(221, 0, 10, 7, 1, 'This customer forwarded from bca 3', '2019-01-07', 0, '00:54:00', 'Agus', '', 0, '2019-01-07 14:42:22'),
(222, 4, 9, 3, 0, 'Registrasi', '2019-01-07', 1, '14:30:00', '', '701KM18J', 0, '0000-00-00 00:00:00'),
(223, 1, 14, 1, 0, 'saya cek data', '2019-01-07', 1, '16:00:00', '', '701IP85K', 0, '0000-00-00 00:00:00'),
(224, 1, 13, 2, 4, 'aaaa', '2019-01-07', 1, '18:43:00', '', '701FE74Q', 0, '0000-00-00 00:00:00'),
(225, 0, 15, 1, 3, 'di counter 5', '2019-01-07', 1, '16:00:00', 'Saya Daftar', '', 0, '0000-00-00 00:00:00'),
(226, 1, 13, 1, 4, 'ok', '2019-01-08', 2, '16:00:00', '', '701SW49W', 0, '0000-00-00 00:00:00'),
(227, 2, 13, 3, 0, 'ok ', '2019-01-07', 1, '02:43:00', '', '701XN81V', 0, '0000-00-00 00:00:00'),
(228, 1, 17, 1, 0, 'ok', '2019-01-07', 1, '14:56:00', '', '701VX052', 0, '0000-00-00 00:00:00'),
(229, 2, 17, 2, 0, 'ok', '2019-01-07', 1, '23:06:00', '', '701BF66S', 0, '0000-00-00 00:00:00'),
(230, 4, 9, 1, 3, 'Registrasi', '2019-01-08', 2, '16:00:00', '', '701YL73H', 0, '2019-01-08 10:41:04'),
(231, 0, 9, 4, 1, 'ddd', '2019-01-07', 1, '16:11:00', 'test', '', 0, '0000-00-00 00:00:00'),
(232, 1, 9, 5, 3, 'aaa', '2019-01-07', 1, '15:45:00', '', '701BB43G', 0, '0000-00-00 00:00:00'),
(233, 1, 15, 2, 0, 'aaa', '2019-01-07', 1, '15:46:00', '', '701XT83U', 0, '0000-00-00 00:00:00'),
(235, 1, 10, 1, 3, 'aaaa', '2019-01-08', 2, '09:09:00', '', '801OB06O', 0, '0000-00-00 00:00:00'),
(236, 1, 15, 1, 1, 'This customer forwarded from BCA 1', '2019-01-08', 0, '17:14:00', '', '', 0, '0000-00-00 00:00:00'),
(237, 1, 14, 1, 1, 'This customer forwarded from bca 2', '2019-01-08', 0, '17:16:00', '', '', 0, '2019-01-08 09:31:36'),
(238, 2, 9, 3, 3, 'ok ', '2019-01-08', 2, '17:19:00', '', '801AD97A', 0, '0000-00-00 00:00:00'),
(239, 2, 10, 2, 1, 'This customer forwarded from BCA 1', '2019-01-08', 0, '17:47:00', '', '', 0, '0000-00-00 00:00:00'),
(240, 2, 14, 2, 3, 'ok', '2019-01-08', 2, '09:39:00', '', '801RK18B', 0, '0000-00-00 00:00:00'),
(241, 2, 15, 2, 1, 'This customer forwarded from BCa 4', '2019-01-08', 0, '17:59:00', '', '', 0, '2019-01-08 09:43:13'),
(242, 6, 9, 4, 0, 'Sakit', '2019-01-08', 2, '19:02:00', '', '801FF54R', 0, '0000-00-00 00:00:00'),
(243, 0, 9, 5, 3, 'taungan', '2019-01-08', 2, '10:41:00', 'Dewa', '', 0, '0000-00-00 00:00:00'),
(247, 0, 9, 1, 0, 'hehe', '2019-01-11', 5, '00:00:00', '', '', 0, '0000-00-00 00:00:00'),
(248, 0, 9, 1, 0, 'hehe', '2019-01-12', 6, '00:00:00', '', '', 0, '0000-00-00 00:00:00'),
(249, 0, 9, 2, 0, 'hehe', '2019-01-11', 5, '14:09:26', '', '', 0, '0000-00-00 00:00:00'),
(250, 0, 9, 3, 0, 'hehe', '2019-01-11', 5, '14:19:00', '', '', 0, '0000-00-00 00:00:00'),
(251, 0, 9, 4, 0, 'hehe', '2019-01-11', 5, '14:29:00', '', '', 0, '0000-00-00 00:00:00'),
(252, 0, 9, 5, 0, 'hehe', '2019-01-11', 5, '14:39:00', '', '', 0, '0000-00-00 00:00:00'),
(253, 0, 9, 6, 0, 'hehe', '2019-05-27', 5, '14:49:00', '', '', 0, '0000-00-00 00:00:00'),
(254, 0, 9, 1, 0, 'asd', '2019-01-14', 1, '14:20:00', '', '', 0, '0000-00-00 00:00:00'),
(255, 0, 10, 1, 0, 'asd', '2019-05-27', 2, '08:00:00', '', '', 0, '0000-00-00 00:00:00'),
(256, 0, 14, 1, 0, 'asd', '2019-05-27', 1, '14:35:00', '', '', 0, '0000-00-00 00:00:00'),
(257, 6, 9, 1, 0, 'vhj', '2019-05-27', 5, '15:36:00', '', '1705UK33', 0, '0000-00-00 00:00:00'),
(258, 4, 9, 1, 0, 'Penarikan Tunai', '2019-06-11', 2, '12:07:00', '', '1106BE08', 0, '0000-00-00 00:00:00'),
(259, 0, 9, 1, 3, 'Aaa', '2019-06-13', 4, '10:33:00', '', '', 0, '0000-00-00 00:00:00'),
(260, 4, 9, 2, 3, 'Bbbbb', '2019-06-13', 4, '03:31:00', '', '1306WC91', 0, '0000-00-00 00:00:00'),
(261, 0, 9, 3, 5, 'May bayar', '2019-06-13', 4, '15:54:00', 'Andik', '', 0, '0000-00-00 00:00:00'),
(262, 0, 9, 4, 3, 'Bla blah', '2019-06-13', 4, '16:04:00', 'Andik', '', 0, '0000-00-00 00:00:00'),
(263, 0, 9, 5, 3, 'This customer forwarded from BCA 1', '2019-06-13', 4, '08:40:00', 'Andik', '1306QA46', 0, '0000-00-00 00:00:00'),
(264, 0, 9, 6, 3, 'This customer forwarded from BCA 1', '2019-06-13', 4, '04:18:00', 'Andik', '1306UO23', 0, '0000-00-00 00:00:00'),
(265, 0, 9, 7, 3, 'Alexasas', '2019-06-13', 4, '16:52:00', 'Alex', '', 0, '0000-00-00 00:00:00'),
(266, 0, 10, 1, 1, 'This customer forwarded from BCA 1', '2019-06-13', 4, '08:00:00', 'Alex', '1306YY13', 0, '0000-00-00 00:00:00'),
(267, 0, 9, 8, 3, 'Amerta', '2019-06-13', 4, '17:02:00', 'Awet tahu', '', 0, '0000-00-00 00:00:00'),
(268, 0, 9, 9, 3, 'Arteri reda', '2019-06-13', 4, '17:12:00', 'Asertif', '', 0, '0000-00-00 00:00:00'),
(269, 0, 9, 10, 3, 'This customer forwarded from BCA 1', '2019-06-13', 4, '09:30:00', 'Asertif', '1306WY39', 0, '0000-00-00 00:00:00'),
(270, 0, 9, 1, 1, 'Bayar utang', '2019-06-14', 5, '10:56:00', 'Andi1', '', 0, '0000-00-00 00:00:00'),
(271, 0, 9, 1, 3, 'Bayar Iuran', '2019-06-15', 6, '09:54:00', 'Andi', '', 0, '0000-00-00 00:00:00'),
(272, 0, 9, 2, 3, 'Registrasi', '2019-06-15', 6, '09:57:00', 'Nuryana', '', 0, '0000-00-00 00:00:00'),
(273, 0, 9, 3, 3, 'Aaaa', '2019-06-15', 6, '10:07:00', 'Aaaa', '', 0, '0000-00-00 00:00:00'),
(274, 0, 9, 4, 3, 'Bbbb', '2019-06-15', 6, '10:17:00', 'Bbbb', '', 0, '0000-00-00 00:00:00'),
(275, 0, 9, 5, 3, 'Cccc', '2019-06-15', 6, '10:27:00', 'Cccc', '', 0, '0000-00-00 00:00:00'),
(276, 0, 9, 6, 3, 'This customer forwarded from BCA 1', '2019-06-15', 6, '11:07:00', 'Cccc', '1506PJ15', 0, '0000-00-00 00:00:00'),
(277, 0, 9, 7, 1, 'Assa', '2019-06-15', 6, '11:17:00', 'Assa', '', 0, '2019-06-15 12:56:10'),
(278, 0, 9, 1, 2, 'Ghh', '2019-06-19', 3, '14:43:00', 'Dea', '', 0, '0000-00-00 00:00:00'),
(279, 0, 9, 2, 5, 'Gh', '2019-06-19', 3, '14:53:00', 'Hh', '', 0, '0000-00-00 00:00:00'),
(280, 0, 9, 1, 3, 'Saf', '2019-06-21', 5, '13:16:00', 'Drg', '', 0, '2019-06-21 13:14:25'),
(281, 0, 9, 1, 1, 'Mau Casting ', '2019-06-22', 6, '09:49:00', 'Iko Uwais ', '', 0, '0000-00-00 00:00:00'),
(282, 0, 9, 1, 3, 'Andri', '2019-06-24', 1, '09:24:00', 'Andi nuryana', '', 0, '0000-00-00 00:00:00'),
(283, 0, 9, 2, 1, 'Tui', '2019-06-24', 1, '12:59:00', 'George bursh', '', 0, '0000-00-00 00:00:00'),
(284, 0, 9, 3, 1, 'Hjhjnjnjjjjjjjjjkjkkkkkkkkkkkkkkkkkkkkkkkkkkkkkkkkkkkkkkkkkkkkkkkkkkkkkkkkkkkkkkkkjjnnnmmmmmmmmmmmmm', '2019-06-24', 1, '13:09:00', 'Christian Stewart Princeton Harry William ', '', 0, '0000-00-00 00:00:00'),
(285, 0, 9, 4, 1, 'Ngantri', '2019-06-24', 1, '13:19:00', 'Sacha stevenson', '', 0, '0000-00-00 00:00:00'),
(286, 0, 9, 5, 1, 'Ety', '2019-06-24', 1, '13:29:00', 'Kusumo sostroatmojoyo pakuningratan', '', 0, '0000-00-00 00:00:00'),
(287, 0, 10, 1, 1, 'aaa', '2019-06-24', 1, '08:00:00', 'aaa', '', 0, '0000-00-00 00:00:00'),
(288, 0, 11, 1, 2, 'cek darah', '2019-06-25', 2, '09:00:00', 'Pengantre 1', '', 0, '2019-06-25 14:59:00'),
(289, 0, 11, 2, 3, 'ok ', '2019-06-25', 2, '09:20:00', 'Pengantre 2', '', 0, '2019-06-25 14:58:42'),
(290, 0, 11, 1, 2, 'ok', '2019-06-26', 3, '09:00:00', 'Baru', '', 0, '2019-06-26 09:38:27'),
(291, 4, 11, 2, 0, 'baru', '2019-06-26', 3, '09:20:00', '', '2606CI39', 0, '0000-00-00 00:00:00'),
(292, 0, 9, 1, 1, 'Antri', '2019-06-26', 3, '10:31:00', 'Andy', '', 0, '0000-00-00 00:00:00'),
(293, 4, 9, 1, 0, 'Antri', '2019-06-27', 4, '10:05:00', '', '2706AY48', 0, '2019-06-27 10:36:56'),
(294, 0, 9, 1, 1, 'Nuryana', '2019-07-01', 1, '10:28:00', 'Andi', '', 0, '0000-00-00 00:00:00'),
(295, 0, 11, 1, 3, 'demam', '2019-07-01', 1, '09:00:00', 'Wira ', '', 0, '2019-07-01 16:16:50'),
(296, 0, 11, 2, 1, 'Pilek', '2019-07-01', 1, '16:02:00', 'Andi', '', 0, '2019-07-01 16:17:55'),
(297, 0, 47, 1, 1, 'gt', '2019-07-01', 1, '17:07:00', 'Df', '', 0, '2019-07-01 17:08:03'),
(298, 0, 47, 2, 1, 'yy', '2019-07-01', 1, '17:17:00', 'Yy', '', 0, '0000-00-00 00:00:00'),
(299, 4, 11, 1, 2, 'Andre', '2019-07-02', 2, '09:44:00', '', '207CI64O', 0, '2019-07-02 10:42:23'),
(300, 0, 47, 1, 2, 'wdea', '2019-07-02', 2, '17:05:00', 'Deea', '', 0, '0000-00-00 00:00:00'),
(301, 0, 47, 2, 1, 'ss', '2019-07-02', 2, '17:15:00', 'Desa', '', 0, '0000-00-00 00:00:00'),
(302, 0, 11, 2, 3, 'sjs', '2019-07-02', 2, '10:04:00', 'Deea', '', 0, '2019-07-02 10:42:40'),
(303, 0, 11, 3, 3, 'ss', '2019-07-02', 2, '10:24:00', 'Dewi', '', 0, '0000-00-00 00:00:00'),
(304, 6, 11, 4, 0, 'ffrf', '2019-07-02', 2, '10:44:00', '', '207EB560', 0, '2019-07-02 10:43:03'),
(305, 0, 11, 5, 1, 'sakit', '2019-07-02', 2, '11:04:00', 'Elsa Karbella Putra', '', 0, '2019-07-02 10:44:34'),
(306, 0, 11, 6, 1, 's', '2019-07-02', 2, '11:24:00', 'Kar', '', 0, '2019-07-02 10:43:41'),
(307, 0, 11, 1, 1, 'Sakit', '2019-07-03', 3, '17:20:00', 'Anton', '', 0, '0000-00-00 00:00:00'),
(308, 0, 9, 1, 3, 'Antrian1', '2019-07-04', 4, '17:00:00', 'Antria1', '', 0, '0000-00-00 00:00:00'),
(309, 0, 9, 2, 1, 'Antrian2', '2019-07-04', 4, '10:15:00', 'Antrian2', '', 0, '0000-00-00 00:00:00'),
(310, 4, 11, 1, 3, 'Antre', '2019-07-04', 4, '10:58:00', '', '407KS93U', 0, '0000-00-00 00:00:00'),
(311, 0, 11, 2, 1, 'Line up', '2019-07-04', 4, '11:16:00', 'Anton', '', 0, '0000-00-00 00:00:00'),
(312, 0, 47, 1, 3, 'Jln dewa', '2019-07-05', 5, '17:05:00', 'Dewa', '', 0, '0000-00-00 00:00:00'),
(313, 0, 47, 2, 3, 'Desa', '2019-07-05', 5, '11:54:00', 'Agus', '', 0, '0000-00-00 00:00:00'),
(314, 0, 47, 3, 3, 'Skait', '2019-07-05', 5, '17:25:00', 'Bebel', '', 0, '0000-00-00 00:00:00'),
(315, 0, 47, 4, 1, 'This customer forwarded from test 1', '2019-07-05', 5, '12:04:00', 'Bebel', '507XH477', 0, '0000-00-00 00:00:00'),
(316, 0, 47, 5, 1, 'This customer forwarded from test 1', '2019-07-05', 5, '12:14:00', 'Bebel', '507CV44G', 0, '0000-00-00 00:00:00'),
(317, 0, 47, 6, 1, 'This customer forwarded from test 1', '2019-07-05', 5, '12:24:00', 'Bebel', '507BQ32M', 0, '0000-00-00 00:00:00'),
(318, 0, 47, 7, 1, 'This customer forwarded from test 1', '2019-07-05', 5, '12:34:00', 'Bebel', '507CX21R', 0, '0000-00-00 00:00:00'),
(319, 0, 47, 8, 1, 'This customer forwarded from test 1', '2019-07-05', 5, '18:15:00', 'Agus', '507CL06U', 0, '0000-00-00 00:00:00'),
(320, 0, 47, 9, 1, 'This customer forwarded from test 1', '2019-07-05', 5, '18:25:00', 'Agus', '507XW47Q', 0, '0000-00-00 00:00:00'),
(321, 6, 11, 1, 0, 'Tes', '2019-07-05', 5, '14:44:00', '', '507BT144', 0, '0000-00-00 00:00:00'),
(322, 6, 11, 1, 5, 'Tes', '2019-07-06', 6, '09:00:00', '', '507DY71K', 0, '0000-00-00 00:00:00'),
(323, 0, 11, 2, 1, 'Dewa', '2019-07-05', 5, '15:04:00', 'Agus', '', 0, '0000-00-00 00:00:00'),
(324, 0, 1, 1, 1, 'Cc\n', '2019-07-05', 5, '14:50:00', 'Dede', '', 0, '0000-00-00 00:00:00'),
(325, 0, 1, 2, 1, 'Dsf', '2019-07-05', 5, '15:10:00', 'Dewi', '', 0, '0000-00-00 00:00:00'),
(326, 0, 11, 2, 5, 'Antrian1', '2019-07-06', 6, '11:07:00', 'Andre', '', 0, '0000-00-00 00:00:00'),
(327, 0, 9, 1, 3, 'Antri', '2019-07-06', 6, '11:18:00', 'Andien', '', 0, '0000-00-00 00:00:00'),
(328, 0, 11, 3, 5, 'Antria2', '2019-07-06', 6, '11:27:00', 'Andre', '', 0, '0000-00-00 00:00:00'),
(329, 0, 14, 1, 1, 'This customer forwarded from Poli Anak', '2019-07-06', 6, '11:28:00', 'Andre', '607IG173', 0, '0000-00-00 00:00:00'),
(330, 0, 14, 2, 1, 'This customer forwarded from Poli Anak', '2019-07-06', 6, '11:50:00', 'Andre', '607WW42K', 0, '0000-00-00 00:00:00'),
(331, 0, 11, 4, 5, 'Antre', '2019-07-06', 6, '11:47:00', 'Sule', '', 0, '0000-00-00 00:00:00'),
(332, 0, 14, 3, 1, 'This customer forwarded from Poli Anak', '2019-07-06', 6, '12:17:00', 'Sule', '607SF160', 0, '0000-00-00 00:00:00'),
(333, 0, 11, 5, 5, 'Antri', '2019-07-06', 6, '12:07:00', 'Antri', '', 0, '0000-00-00 00:00:00'),
(334, 0, 11, 6, 5, 'Antriiqq', '2019-07-06', 6, '12:27:00', 'Arta', '', 0, '0000-00-00 00:00:00'),
(335, 0, 14, 4, 1, 'This customer forwarded from Poli Anak', '2019-07-06', 6, '12:41:00', 'Arta', '607IG01V', 0, '0000-00-00 00:00:00'),
(336, 0, 11, 7, 5, 'Qwerty', '2019-07-06', 6, '12:47:00', 'Lily', '', 0, '0000-00-00 00:00:00'),
(337, 0, 1, 1, 3, 'Andi nuryana', '2019-07-08', 1, '09:36:00', 'Andi', '', 0, '0000-00-00 00:00:00'),
(338, 0, 14, 1, 0, 'This customer forwarded from Poli Umum 1', '2019-07-08', 1, '09:37:00', 'Andi', '807XD77G', 0, '0000-00-00 00:00:00'),
(340, 0, 14, 1, 0, 'erwrwr', '2019-07-10', 3, '09:00:00', '', '', 0, '0000-00-00 00:00:00'),
(341, 0, 14, 2, 0, 'erwrwr', '2019-07-10', 3, '09:15:00', '', '', 0, '0000-00-00 00:00:00'),
(342, 0, 14, 2, 0, 'asdasdad', '2019-07-08', 1, '11:48:16', '', '', 0, '0000-00-00 00:00:00'),
(343, 0, 14, 1, 0, 'asd', '2019-07-04', 4, '11:49:00', '', '', 0, '0000-00-00 00:00:00'),
(344, 0, 14, 3, 0, '948', '2019-07-08', 1, '12:03:00', '', '', 0, '0000-00-00 00:00:00'),
(345, 0, 0, 1, 0, '', '0000-00-00', 4, '00:00:00', '', '', 0, '0000-00-00 00:00:00'),
(346, 0, 14, 4, 0, 'asd', '2019-07-08', 1, '12:18:00', '', '', 0, '0000-00-00 00:00:00'),
(348, 0, 14, 5, 1, 'adasd', '2019-07-08', 1, '12:33:00', 'asdasd', '', 0, '0000-00-00 00:00:00'),
(349, 0, 14, 6, 1, 'asd', '2019-07-08', 1, '12:48:00', 'asd', '', 0, '0000-00-00 00:00:00'),
(350, 0, 14, 7, 1, 'asdadsa', '2019-07-08', 1, '13:03:00', 'asdasda', '', 0, '0000-00-00 00:00:00'),
(351, 0, 14, 8, 1, 'adasdd', '2019-07-08', 1, '13:18:00', 'asdadas', '', 0, '0000-00-00 00:00:00'),
(352, 0, 14, 9, 1, 'asd', '2019-07-08', 1, '15:16:41', 'asdasdasdasd', '', 0, '0000-00-00 00:00:00'),
(353, 0, 1, 2, 3, 'Qwerty', '2019-07-08', 1, '17:39:00', 'Andre', '', 0, '0000-00-00 00:00:00'),
(354, 0, 44, 1, 1, 'This customer forwarded from Poli Umum 1', '2019-07-08', 1, '09:00:00', 'Andre', '807UU24P', 0, '0000-00-00 00:00:00'),
(365, 4, 11, 1, 1, 'Ghjjhgghgfhhbddfghgfd hhhhhh Hjhjnjnjjjjjjjjjkjkkkkkkkkkkkkkkkkkkkkkkkkkkkkkkkkkkkkkkkkkkkkkkkkkkkkkkkkkkkkkkkkjjnnnmmmmmmmmmmmmm Hjhjnjnjjjjjjjjjkjkkkkkkkkkkkkkkkkkkkkkkkkkkkkkkkkkkkkkkkkkkkkkkkkkkkkkkkkkkkkkkkkjjnnnmmmmmmmmmmmmm. Ini ', '2019-07-30', 1, '22:04:00', '', '807GI979', 0, '0000-00-00 00:00:00'),
(366, 0, 11, 1, 3, 'ok', '2019-07-09', 2, '11:43:00', 'Baru', '', 0, '2019-07-09 15:56:28'),
(367, 0, 14, 1, 1, 'desc ni bor', '2019-07-09', 2, '16:33:00', 'wira ni bor', '', 0, '0000-00-00 00:00:00'),
(368, 0, 14, 2, 1, 'qwe', '2019-07-09', 2, '16:48:00', 'qwe', '', 0, '0000-00-00 00:00:00'),
(369, 0, 14, 3, 1, 'babi lo', '2019-07-09', 2, '17:03:00', 'wira lagi jhon', '', 0, '0000-00-00 00:00:00'),
(370, 0, 14, 4, 1, 'asd', '2019-07-09', 2, '17:18:00', 'asd', '', 0, '0000-00-00 00:00:00'),
(371, 0, 14, 5, 1, 'asdasdasd', '2019-07-09', 2, '17:33:00', 'asdasd', '', 0, '0000-00-00 00:00:00'),
(372, 0, 11, 2, 1, 'lkjfiohwrewhnruiwhlwnuih j enrjnew  lejrwhero', '2019-07-09', 2, '16:53:14', 'poqweqjeoiqjwhneqiwenwrhb ebjhsbguibguih9`', '', 0, '0000-00-00 00:00:00'),
(373, 0, 8, 1, 1, 'emklrermkere', '2019-07-09', 2, '16:53:00', 'rerkermkekjrewklrew', '', 0, '0000-00-00 00:00:00'),
(374, 0, 14, 6, 1, 'nama saya', '2019-07-09', 2, '17:48:00', 'Wiwin', '', 0, '0000-00-00 00:00:00'),
(375, 0, 14, 3, 1, ';lqkewoqpkepoqkew', '2019-07-10', 3, '09:37:17', 'brkjbewrkjbewkrbewjbr', '', 0, '0000-00-00 00:00:00'),
(376, 0, 14, 1, 1, '7789', '2019-07-22', 1, '14:14:00', '554', '', 0, '0000-00-00 00:00:00'),
(377, 0, 14, 2, 1, 'qwe', '2019-07-22', 1, '14:29:00', 'qwe', '', 0, '0000-00-00 00:00:00'),
(378, 0, 14, 3, 1, 'asd', '2019-07-22', 1, '14:44:00', 'asd', '', 0, '0000-00-00 00:00:00'),
(379, 0, 14, 4, 1, 'asd', '2019-07-22', 1, '14:59:00', 'ads', '', 0, '0000-00-00 00:00:00'),
(380, 0, 14, 5, 1, 'qew', '2019-07-22', 1, '15:14:00', 'qwewewew', '', 0, '0000-00-00 00:00:00'),
(381, 0, 14, 6, 1, 'asd', '2019-07-22', 1, '15:29:00', 'asdss', '', 0, '0000-00-00 00:00:00'),
(382, 0, 11, 1, 1, 'asd', '2019-07-29', 1, '09:49:00', 'asd', '', 0, '0000-00-00 00:00:00'),
(383, 0, 11, 2, 1, 'asd', '2019-07-29', 1, '15:22:56', 'data checktin', '', 0, '0000-00-00 00:00:00'),
(384, 0, 11, 3, 0, 'asd', '2019-07-29', 1, '15:42:00', 'data booking', '', 0, '0000-00-00 00:00:00'),
(385, 0, 14, 1, 0, 'asd', '2019-07-29', 1, '15:33:00', 'sadasd', '', 0, '0000-00-00 00:00:00'),
(396, 0, 11, 4, 0, 'asd', '2019-07-29', 1, '16:11:22', 'asdasd', '', 0, '0000-00-00 00:00:00'),
(397, 0, 39, 1, 0, 'ad', '2019-07-29', 1, '16:12:00', 'coba lagi', '', 0, '0000-00-00 00:00:00'),
(401, 0, 46, 1, 0, 'nqwjeqnkjne', '2019-07-29', 1, '16:17:00', 'coba 3', '', 0, '0000-00-00 00:00:00'),
(402, 0, 14, 2, 0, 'asdasd', '2019-07-29', 1, '16:19:26', 'asdasdad', '2907VR49G3', 0, '0000-00-00 00:00:00'),
(403, 0, 14, 3, 0, 'ads', '2019-07-29', 1, '16:34:00', 'asd', '2907TQ6484', 0, '0000-00-00 00:00:00'),
(404, 0, 14, 4, 1, 'ads', '2019-07-30', 1, '16:49:00', 'ad', '2907EM64AW', 0, '0000-00-00 00:00:00'),
(405, 0, 11, 2, 1, 'asdasdasdasd', '2019-07-30', 2, '22:24:00', 'sadasdadasd', '3007ME085R', 0, '0000-00-00 00:00:00'),
(406, 0, 11, 1, 1, 'asd', '2019-07-12', 5, '12:26:00', 'asd', '', 0, '0000-00-00 00:00:00'),
(407, 0, 11, 1, 0, 'asd', '2019-07-10', 3, '12:26:00', 'asd', '3007YN753U', 0, '0000-00-00 00:00:00'),
(408, 0, 8, 1, 4, 'ads', '2019-07-30', 2, '12:28:00', 'asd', '3007EW60J5', 0, '0000-00-00 00:00:00'),
(409, 0, 11, 1, 0, 'asd', '2019-07-11', 4, '12:28:00', 'ads', '3007QV37AC', 0, '0000-00-00 00:00:00'),
(414, 0, 8, 1, 1, 'asd', '2019-07-19', 5, '13:13:00', 'asd', '', 0, '0000-00-00 00:00:00'),
(416, 0, 11, 6, 1, 'qweqweq', '2019-07-30', 2, '23:44:00', 'qwe', '', 0, '0000-00-00 00:00:00'),
(419, 0, 14, 1, 0, 'adsasd', '2019-07-23', 2, '13:17:00', 'adasd', '3007NO28PI', 0, '0000-00-00 00:00:00'),
(420, 0, 11, 1, 1, 'asd', '2019-07-26', 5, '13:17:00', 'asd', '', 0, '0000-00-00 00:00:00'),
(421, 0, 14, 5, 1, '75475445674', '2019-07-30', 2, '17:04:00', '758564684', '', 0, '0000-00-00 00:00:00'),
(422, 0, 11, 7, 1, '7887', '2019-07-30', 2, '24:04:00', '98749879/7', '', 0, '0000-00-00 00:00:00'),
(423, 0, 8, 2, 4, '79/78*/7', '2019-07-30', 2, '14:57:06', '78978978', '', 0, '0000-00-00 00:00:00'),
(424, 0, 14, 1, 1, '77', '2019-08-08', 4, '14:20:00', '77', '808SS02TO', 0, '0000-00-00 00:00:00'),
(425, 0, 14, 2, 4, 'asd', '2019-08-08', 4, '14:35:00', 'wira', '808LH65JR', 0, '0000-00-00 00:00:00'),
(426, 0, 14, 3, 0, 'asd', '2019-08-08', 4, '16:10:29', 'asd', '808NG1100', 0, '0000-00-00 00:00:00'),
(427, 0, 14, 4, 0, 'asd', '2019-08-08', 4, '16:25:00', 'ads', '808TV34QY', 0, '0000-00-00 00:00:00'),
(428, 0, 14, 5, 0, 'asdasd', '2019-08-08', 4, '16:40:00', 'asdasd', '808FN14PV', 0, '0000-00-00 00:00:00'),
(429, 0, 14, 6, 0, 'asd', '2019-08-08', 4, '16:55:00', 'asdasdasd', '808WV93DA', 0, '0000-00-00 00:00:00'),
(430, 0, 14, 7, 0, '23', '2019-08-08', 4, '17:10:00', '123', '808WY66XP', 0, '0000-00-00 00:00:00'),
(431, 0, 14, 8, 0, '132132', '2019-08-08', 4, '17:25:00', '302121', '808NK33RG', 0, '0000-00-00 00:00:00'),
(432, 0, 14, 9, 0, '88878', '2019-08-08', 4, '17:40:00', '1156848', '808HJ71I8', 0, '0000-00-00 00:00:00'),
(433, 0, 14, 1, 4, 'dewa', '2019-08-09', 5, '14:33:00', 'dewa', '908OE7897', 1, '0000-00-00 00:00:00'),
(434, 0, 14, 2, 4, 'dewa', '2019-08-09', 5, '14:48:00', 'dewa ad', '908NP36FF', 0, '0000-00-00 00:00:00'),
(435, 0, 11, 1, 4, 'dewa', '2019-08-09', 5, '15:25:00', 'dewads', '', 0, '0000-00-00 00:00:00'),
(436, 0, 36, 1, 0, 'ddd', '2019-08-09', 5, '15:28:00', 'ddd', '908AY4680', 0, '0000-00-00 00:00:00'),
(437, 0, 14, 3, 0, 'asd', '2019-08-09', 5, '15:32:17', 'asd', '908GH75AB', 0, '0000-00-00 00:00:00'),
(438, 0, 11, 2, 0, 'wira', '2019-08-09', 5, '15:45:00', 'wira', '908KB10CS', 0, '0000-00-00 00:00:00'),
(439, 0, 14, 4, 0, 'asd', '2019-08-09', 5, '15:47:00', 'wira lagi', '908QV01YX', 0, '0000-00-00 00:00:00'),
(440, 0, 14, 5, 0, 'asdw', '2019-08-09', 5, '16:02:00', 'asdw', '908IS53KY', 0, '0000-00-00 00:00:00'),
(441, 0, 14, 1, 0, 'ads', '2019-08-14', 3, '09:36:00', 'wira', '1408NL49IR', 0, '0000-00-00 00:00:00'),
(442, 0, 14, 2, 0, 'qwe', '2019-08-14', 3, '09:51:00', 'weqe', '1408DQ93UA', 0, '0000-00-00 00:00:00'),
(443, 0, 14, 1, 0, 'adweq', '2019-08-15', 4, '09:00:00', 'asd', '1408IA1272', 0, '0000-00-00 00:00:00'),
(444, 0, 8, 1, 0, 'ads', '2019-09-11', 3, '09:00:00', 'asd', '1408DI02JV', 0, '0000-00-00 00:00:00'),
(445, 0, 8, 1, 0, 'qwe', '2019-08-30', 5, '09:00:00', 'qwe', '1408NM080D', 0, '0000-00-00 00:00:00'),
(446, 2, 11, 1, 3, 'Japan', '2019-08-14', 3, '12:01:00', '', '1408GI898O', 0, '0000-00-00 00:00:00'),
(447, 7, 11, 1, 3, 'Antri', '2019-08-15', 4, '11:53:00', '', '1508YN467G', 0, '0000-00-00 00:00:00'),
(448, 0, 5, 1, 0, 'qwe', '2019-08-15', 4, '14:33:00', 'qwe', '1508KY60B5', 0, '0000-00-00 00:00:00'),
(449, 0, 14, 2, 1, '213123123', '2019-08-15', 4, '14:40:01', '13413', '', 0, '0000-00-00 00:00:00'),
(450, 0, 14, 3, 1, 'qwe', '2019-08-15', 4, '14:55:00', 'wqe', '', 0, '0000-00-00 00:00:00'),
(451, 0, 14, 4, 1, 'qwe', '2019-08-15', 4, '15:10:00', 'qwe', '', 0, '0000-00-00 00:00:00'),
(452, 0, 14, 5, 1, 'w', '2019-08-15', 4, '15:25:00', '2907VR49G3', '', 0, '0000-00-00 00:00:00'),
(454, 0, 14, 6, 1, 'asdads', '2019-08-15', 4, '15:40:00', 'adasd', '', 0, '0000-00-00 00:00:00'),
(455, 0, 11, 2, 0, 'qwe', '2019-08-15', 4, '15:08:17', 'qwe', '1508WH42LP', 0, '0000-00-00 00:00:00'),
(456, 0, 8, 1, 1, '23', '2019-08-15', 4, '15:08:00', '231', '', 0, '0000-00-00 00:00:00'),
(457, 0, 8, 1, 1, '564564', '2019-08-16', 5, '14:54:00', '123', '1608OX542C', 0, '0000-00-00 00:00:00'),
(458, 0, 42, 1, 1, 'qweqewqw', '2019-08-16', 5, '15:28:00', '564', '1608NS965R', 0, '0000-00-00 00:00:00'),
(459, 0, 14, 1, 1, 'qwe', '2019-08-16', 5, '15:31:00', 'wqe', '1608BG80R2', 0, '0000-00-00 00:00:00'),
(460, 0, 11, 1, 1, 'qweqweqwe', '2019-08-16', 5, '15:56:00', 'wqeqweqe', '1608MG41LX', 0, '0000-00-00 00:00:00'),
(468, 0, 1, 1, 1, '98798798', '2019-08-16', 5, '16:54:00', '36658498', '', 0, '0000-00-00 00:00:00'),
(469, 0, 1, 2, 1, 'weqeqweq', '2019-08-16', 5, '17:14:00', 'adsda', '', 0, '0000-00-00 00:00:00'),
(470, 0, 1, 3, 1, 'qwe', '2019-08-16', 5, '17:34:00', 'qweq', '', 0, '0000-00-00 00:00:00'),
(471, 0, 1, 4, 1, 'qewqe', '2019-08-16', 5, '17:54:00', 'qweqwe', '', 0, '0000-00-00 00:00:00'),
(472, 0, 1, 5, 1, 'qweqewqe', '2019-08-16', 5, '18:14:00', 'weqeqwe', '', 0, '0000-00-00 00:00:00'),
(473, 0, 1, 6, 1, 'qweqwe', '2019-08-16', 5, '18:34:00', 'wqeqweqewqe', '', 0, '0000-00-00 00:00:00'),
(474, 0, 1, 7, 1, 'adasasdasds', '2019-08-16', 5, '18:54:00', 'adsadsasd', '', 0, '0000-00-00 00:00:00'),
(475, 0, 1, 1, 1, '01020202,wira, denpasar, lelah', '2019-08-19', 1, '10:20:00', 'wira', '', 0, '0000-00-00 00:00:00'),
(476, 0, 1, 2, 1, 'eqweqweqwe', '2019-08-19', 1, '10:40:00', 'weqeq', '', 0, '0000-00-00 00:00:00'),
(477, 0, 8, 1, 1, 'weqaeqae', '2019-08-19', 1, '14:10:00', 'asdasdasd', '1908BO16AG', 0, '0000-00-00 00:00:00'),
(478, 0, 11, 1, 1, 'qweqew', '2019-08-19', 1, '14:12:00', 'qewqe', '1908LA64RY', 0, '0000-00-00 00:00:00');

-- --------------------------------------------------------

--
-- Table structure for table `bill_`
--

CREATE TABLE `bill_` (
  `_billId` bigint(16) NOT NULL,
  `_siteId` bigint(16) NOT NULL,
  `_bulan` varchar(2) NOT NULL,
  `_tahun` varchar(4) NOT NULL,
  `_status` tinyint(3) NOT NULL DEFAULT '1' COMMENT '1=belum, 2=konfirmasi, 3=sudah',
  `_invoice` varchar(10) NOT NULL,
  `_nominal` float NOT NULL,
  `_file` varchar(30) NOT NULL,
  `_tgl` date NOT NULL
) ENGINE=InnoDB DEFAULT CHARSET=latin1;

-- --------------------------------------------------------

--
-- Table structure for table `block_`
--

CREATE TABLE `block_` (
  `_blockID` bigint(16) NOT NULL,
  `_userId` bigint(16) NOT NULL,
  `_spotId` bigint(16) NOT NULL,
  `_tgl` date NOT NULL
) ENGINE=InnoDB DEFAULT CHARSET=latin1;

-- --------------------------------------------------------

--
-- Table structure for table `harilibur_`
--

CREATE TABLE `harilibur_` (
  `_id` bigint(16) NOT NULL,
  `_siteId` bigint(16) NOT NULL,
  `_spotId` bigint(20) NOT NULL,
  `_hariTutup` date NOT NULL,
  `_keterangan` text NOT NULL,
  `_dariSite` int(11) NOT NULL
) ENGINE=InnoDB DEFAULT CHARSET=latin1;

--
-- Dumping data for table `harilibur_`
--

INSERT INTO `harilibur_` (`_id`, `_siteId`, `_spotId`, `_hariTutup`, `_keterangan`, `_dariSite`) VALUES
(1, 0, 11, '2019-07-10', 'libur', 0);

-- --------------------------------------------------------

--
-- Table structure for table `harioperasional_`
--

CREATE TABLE `harioperasional_` (
  `_id` bigint(16) NOT NULL,
  `_siteId` bigint(16) NOT NULL,
  `_spotId` bigint(16) NOT NULL,
  `_sesi` int(8) NOT NULL,
  `_hari` tinyint(1) NOT NULL,
  `_jamBuka` time NOT NULL,
  `_jamTutup` time NOT NULL,
  `_dariSite` tinyint(4) NOT NULL
) ENGINE=InnoDB DEFAULT CHARSET=latin1;

--
-- Dumping data for table `harioperasional_`
--

INSERT INTO `harioperasional_` (`_id`, `_siteId`, `_spotId`, `_sesi`, `_hari`, `_jamBuka`, `_jamTutup`, `_dariSite`) VALUES
(1, 1, 0, 0, 1, '09:00:00', '21:00:00', 0),
(2, 1, 1, 0, 2, '09:00:00', '21:00:00', 0),
(3, 1, 1, 0, 3, '09:00:00', '21:00:00', 0),
(4, 1, 1, 0, 4, '09:00:00', '21:00:00', 0),
(5, 1, 1, 0, 5, '09:00:00', '21:00:00', 0),
(6, 1, 1, 0, 6, '09:00:00', '21:00:00', 0),
(7, 1, 1, 0, 7, '09:00:00', '21:00:00', 0),
(36, 3, 7, 0, 0, '08:00:00', '17:00:00', 1),
(42, 1, 5, 0, 1, '09:00:00', '21:00:00', 1),
(43, 4, 6, 0, 0, '08:00:00', '17:00:00', 1),
(44, 1, 5, 0, 2, '09:00:00', '21:00:00', 1),
(45, 1, 5, 0, 3, '09:00:00', '21:00:00', 1),
(46, 1, 5, 0, 4, '09:00:00', '21:00:00', 1),
(47, 1, 5, 0, 5, '09:00:00', '21:00:00', 1),
(48, 1, 5, 0, 6, '09:00:00', '21:00:00', 1),
(49, 1, 5, 0, 7, '09:00:00', '21:00:00', 1),
(50, 1, 9, 0, 1, '17:00:00', '21:00:00', 1),
(51, 1, 9, 0, 2, '17:00:00', '21:00:00', 1),
(52, 1, 9, 0, 3, '17:00:00', '21:00:00', 1),
(53, 1, 9, 0, 4, '17:00:00', '21:00:00', 1),
(54, 1, 9, 0, 5, '17:00:00', '21:00:00', 1),
(55, 1, 9, 0, 6, '07:00:00', '15:00:00', 1),
(56, 1, 9, 0, 7, '07:00:00', '15:00:00', 1),
(65, 1, 8, 0, 1, '09:00:00', '21:00:00', 1),
(66, 1, 8, 0, 2, '09:00:00', '10:00:00', 1),
(67, 1, 8, 0, 3, '09:00:00', '21:00:00', 1),
(68, 1, 8, 0, 4, '09:00:00', '21:00:00', 1),
(69, 1, 8, 0, 5, '09:00:00', '21:00:00', 1),
(70, 1, 8, 0, 6, '09:00:00', '21:00:00', 1),
(71, 1, 8, 0, 7, '09:00:00', '21:00:00', 1),
(75, 6, 10, 0, 0, '08:00:00', '17:00:00', 1),
(76, 7, 10, 0, 0, '08:00:00', '17:00:00', 1),
(118, 1, 14, 0, 1, '09:00:00', '21:00:00', 1),
(119, 1, 14, 0, 2, '09:00:00', '21:00:00', 1),
(120, 1, 14, 0, 3, '09:00:00', '21:00:00', 1),
(121, 1, 14, 0, 4, '09:00:00', '21:00:00', 1),
(122, 1, 14, 0, 5, '09:00:00', '21:00:00', 1),
(123, 1, 14, 0, 6, '09:00:00', '21:00:00', 1),
(124, 1, 14, 0, 7, '09:00:00', '21:00:00', 1),
(125, 9, 0, 0, 1, '17:00:00', '21:46:00', 0),
(126, 9, 0, 0, 2, '17:00:00', '21:46:00', 0),
(127, 9, 0, 0, 3, '17:00:00', '21:46:00', 0),
(128, 9, 0, 0, 4, '17:00:00', '21:46:00', 0),
(129, 9, 0, 0, 5, '17:00:00', '21:46:00', 0),
(130, 9, 0, 0, 6, '17:00:00', '21:46:00', 0),
(131, 9, 0, 0, 7, '08:00:00', '10:00:00', 0),
(162, 16, 12, 0, 1, '08:00:00', '16:00:00', 1),
(163, 16, 12, 0, 2, '08:00:00', '16:00:00', 1),
(164, 16, 12, 0, 3, '08:00:00', '16:00:00', 1),
(165, 16, 12, 0, 4, '08:00:00', '16:00:00', 1),
(166, 16, 12, 0, 5, '08:00:00', '16:00:00', 1),
(167, 16, 12, 0, 6, '08:00:00', '16:00:00', 1),
(169, 12, 13, 1, 3, '08:00:00', '17:00:00', 1),
(170, 12, 13, 1, 4, '08:00:00', '17:00:00', 1),
(171, 12, 13, 1, 1, '08:00:00', '17:00:00', 1),
(172, 12, 13, 1, 2, '08:00:00', '17:00:00', 1),
(173, 12, 13, 1, 6, '08:00:00', '17:00:00', 1),
(176, 12, 13, 1, 3, '08:00:00', '17:00:00', 1),
(177, 12, 13, 1, 4, '08:00:00', '17:00:00', 1),
(178, 12, 13, 1, 1, '08:00:00', '17:00:00', 1),
(179, 12, 13, 1, 2, '08:00:00', '17:00:00', 1),
(180, 12, 13, 1, 6, '08:00:00', '17:00:00', 1),
(213, 1, 18, 0, 1, '09:00:00', '21:00:00', 1),
(214, 1, 18, 0, 2, '09:00:00', '21:00:00', 1),
(215, 1, 18, 0, 3, '09:00:00', '21:00:00', 1),
(216, 1, 18, 0, 4, '09:00:00', '21:00:00', 1),
(217, 1, 18, 0, 5, '09:00:00', '21:00:00', 1),
(218, 1, 18, 0, 6, '09:00:00', '21:00:00', 1),
(219, 1, 18, 0, 7, '09:00:00', '21:00:00', 1),
(240, 17, 16, 0, 1, '08:00:00', '17:00:00', 1),
(241, 17, 16, 0, 2, '08:00:00', '17:00:00', 1),
(242, 17, 16, 0, 3, '08:00:00', '17:00:00', 1),
(243, 17, 16, 0, 4, '08:00:00', '17:00:00', 1),
(244, 17, 16, 0, 5, '08:00:00', '17:00:00', 1),
(245, 17, 16, 0, 6, '08:00:00', '17:00:00', 1),
(259, 18, 0, 0, 1, '08:17:00', '17:17:00', 0),
(260, 18, 0, 0, 2, '08:17:00', '17:17:00', 0),
(261, 18, 0, 0, 3, '08:17:00', '17:17:00', 0),
(262, 18, 0, 0, 4, '08:17:00', '17:17:00', 0),
(263, 18, 0, 0, 5, '08:17:00', '17:17:00', 0),
(264, 18, 0, 0, 6, '08:17:00', '17:17:00', 0),
(265, 18, 18, 0, 1, '08:17:00', '17:17:00', 1),
(266, 18, 18, 0, 2, '08:17:00', '17:17:00', 1),
(267, 18, 18, 0, 3, '08:17:00', '17:17:00', 1),
(268, 18, 18, 0, 4, '08:17:00', '17:17:00', 1),
(269, 18, 18, 0, 5, '08:17:00', '17:17:00', 1),
(270, 18, 18, 0, 6, '08:17:00', '17:17:00', 1),
(293, 19, 0, 0, 1, '16:00:00', '23:00:00', 0),
(294, 19, 0, 0, 2, '16:00:00', '23:00:00', 0),
(295, 19, 0, 0, 3, '16:00:00', '23:00:00', 0),
(296, 19, 0, 0, 4, '16:00:00', '23:00:00', 0),
(297, 19, 0, 0, 5, '16:00:00', '23:00:00', 0),
(298, 19, 0, 0, 6, '16:00:00', '23:00:00', 0),
(299, 19, 0, 0, 7, '16:00:00', '23:00:00', 0),
(313, 20, 0, 0, 1, '06:00:00', '22:00:00', 0),
(314, 20, 0, 0, 2, '06:00:00', '22:00:00', 0),
(315, 20, 0, 0, 3, '06:00:00', '22:00:00', 0),
(316, 20, 0, 0, 4, '06:00:00', '22:00:00', 0),
(317, 21, 0, 0, 1, '02:00:00', '10:00:00', 0),
(318, 21, 0, 0, 2, '02:00:00', '10:00:00', 0),
(319, 21, 0, 0, 3, '02:00:00', '10:00:00', 0),
(320, 21, 0, 0, 4, '08:00:00', '22:00:00', 0),
(321, 21, 0, 0, 5, '08:00:00', '22:00:00', 0),
(322, 22, 0, 0, 1, '06:00:00', '21:00:00', 0),
(323, 22, 0, 0, 2, '06:00:00', '21:00:00', 0),
(324, 22, 0, 0, 3, '06:00:00', '21:00:00', 0),
(325, 22, 0, 0, 4, '07:00:00', '18:00:00', 0),
(326, 22, 0, 0, 5, '07:00:00', '18:00:00', 0),
(327, 22, 0, 0, 6, '07:00:00', '18:00:00', 0),
(328, 12, 0, 0, 1, '08:00:00', '17:45:00', 0),
(329, 12, 0, 0, 2, '08:00:00', '17:45:00', 0),
(330, 12, 0, 0, 3, '08:00:00', '17:45:00', 0),
(331, 12, 0, 0, 4, '08:00:00', '17:45:00', 0),
(332, 12, 0, 0, 5, '08:00:00', '17:45:00', 0),
(333, 12, 0, 0, 6, '08:00:00', '17:45:00', 0),
(334, 23, 0, 0, 1, '08:00:00', '17:00:00', 0),
(335, 23, 0, 0, 2, '08:00:00', '17:00:00', 0),
(336, 23, 0, 0, 3, '08:00:00', '17:00:00', 0),
(337, 23, 0, 0, 4, '08:00:00', '17:00:00', 0),
(338, 23, 0, 0, 5, '08:00:00', '17:00:00', 0),
(339, 23, 0, 0, 6, '08:00:00', '17:00:00', 0),
(340, 23, 0, 0, 7, '08:00:00', '17:00:00', 0),
(414, 1, 27, 0, 1, '09:00:00', '21:00:00', 1),
(415, 1, 27, 0, 2, '09:00:00', '21:00:00', 1),
(416, 1, 27, 0, 3, '09:00:00', '21:00:00', 1),
(417, 1, 27, 0, 4, '09:00:00', '21:00:00', 1),
(418, 1, 27, 0, 5, '09:00:00', '21:00:00', 1),
(419, 1, 27, 0, 6, '09:00:00', '21:00:00', 1),
(420, 1, 27, 0, 7, '09:00:00', '21:00:00', 1),
(421, 24, 0, 0, 1, '17:05:00', '21:05:00', 0),
(422, 24, 0, 0, 2, '17:05:00', '21:05:00', 0),
(423, 24, 0, 0, 3, '17:05:00', '21:05:00', 0),
(424, 24, 0, 0, 4, '17:05:00', '21:05:00', 0),
(425, 24, 0, 0, 5, '17:05:00', '21:05:00', 0),
(426, 24, 0, 0, 6, '17:05:00', '21:05:00', 0),
(427, 24, 0, 0, 7, '17:05:00', '21:05:00', 0),
(435, 25, 0, 0, 1, '11:00:00', '15:00:00', 0),
(436, 25, 0, 0, 3, '11:00:00', '15:00:00', 0),
(437, 25, 0, 0, 4, '11:00:00', '15:00:00', 0),
(438, 25, 0, 0, 2, '11:00:00', '15:00:00', 0),
(439, 25, 0, 0, 5, '11:00:00', '15:00:00', 0),
(440, 25, 0, 0, 6, '11:00:00', '15:00:00', 0),
(441, 25, 0, 0, 7, '11:00:00', '15:00:00', 0),
(456, 24, 47, 0, 0, '17:05:00', '21:05:00', 0),
(457, 24, 47, 0, 0, '17:05:00', '21:05:00', 0),
(458, 24, 47, 0, 0, '17:05:00', '21:05:00', 0),
(459, 24, 47, 0, 0, '17:05:00', '21:05:00', 0),
(460, 24, 47, 0, 0, '17:05:00', '21:05:00', 0),
(461, 24, 47, 0, 0, '17:05:00', '21:05:00', 0),
(462, 24, 47, 0, 0, '17:05:00', '21:05:00', 0),
(479, 1, 1, 0, 1, '09:00:00', '20:00:00', 0),
(537, 1, 11, 0, 1, '03:00:00', '20:00:00', 0),
(538, 1, 11, 0, 2, '03:00:00', '20:00:00', 0),
(539, 1, 11, 0, 3, '03:00:00', '20:00:00', 0),
(540, 1, 11, 0, 4, '06:00:00', '16:00:00', 0),
(541, 1, 11, 0, 5, '06:00:00', '16:00:00', 0),
(542, 26, 0, 0, 1, '01:00:00', '22:00:00', 0),
(543, 26, 0, 0, 2, '01:00:00', '22:00:00', 0),
(544, 26, 0, 0, 3, '01:00:00', '22:00:00', 0);

-- --------------------------------------------------------

--
-- Table structure for table `jenissite_`
--

CREATE TABLE `jenissite_` (
  `_jenisId` bigint(16) NOT NULL,
  `_jenis` varchar(100) NOT NULL
) ENGINE=InnoDB DEFAULT CHARSET=latin1;

--
-- Dumping data for table `jenissite_`
--

INSERT INTO `jenissite_` (`_jenisId`, `_jenis`) VALUES
(1, 'Clinic'),
(2, 'Hospital'),
(3, 'Doctor'),
(4, 'Customer Service'),
(5, 'Agency'),
(6, 'Bank');

-- --------------------------------------------------------

--
-- Table structure for table `laporan_`
--

CREATE TABLE `laporan_` (
  `_id` bigint(16) NOT NULL,
  `_spotId` bigint(16) NOT NULL,
  `_userId` bigint(16) NOT NULL,
  `_antreId` bigint(16) NOT NULL,
  `_description` text NOT NULL,
  `_tanggal` date NOT NULL
) ENGINE=InnoDB DEFAULT CHARSET=latin1;

--
-- Dumping data for table `laporan_`
--

INSERT INTO `laporan_` (`_id`, `_spotId`, `_userId`, `_antreId`, `_description`, `_tanggal`) VALUES
(1, 1, 1, 0, 'tidak datang', '2018-09-17');

-- --------------------------------------------------------

--
-- Table structure for table `namahari_`
--

CREATE TABLE `namahari_` (
  `_hari` tinyint(4) NOT NULL,
  `_namahari` varchar(10) NOT NULL
) ENGINE=InnoDB DEFAULT CHARSET=latin1;

--
-- Dumping data for table `namahari_`
--

INSERT INTO `namahari_` (`_hari`, `_namahari`) VALUES
(1, 'Senin'),
(2, 'Selasa'),
(3, 'Rabu'),
(4, 'Kamis'),
(5, 'Jumat'),
(6, 'Sabtu'),
(7, 'Minggu');

-- --------------------------------------------------------

--
-- Table structure for table `picture_`
--

CREATE TABLE `picture_` (
  `_pictureId` bigint(20) NOT NULL,
  `_no` tinyint(1) NOT NULL,
  `_siteId` bigint(16) NOT NULL,
  `_foto` varchar(255) NOT NULL
) ENGINE=InnoDB DEFAULT CHARSET=latin1;

-- --------------------------------------------------------

--
-- Table structure for table `rating_`
--

CREATE TABLE `rating_` (
  `_ratingId` bigint(16) NOT NULL,
  `_antreId` bigint(16) NOT NULL,
  `_userId` bigint(16) NOT NULL,
  `_siteId` bigint(16) NOT NULL,
  `_spotId` bigint(16) NOT NULL,
  `_rating` float NOT NULL,
  `_ulasan` text NOT NULL,
  `_tanggal` date NOT NULL
) ENGINE=InnoDB DEFAULT CHARSET=latin1;

--
-- Dumping data for table `rating_`
--

INSERT INTO `rating_` (`_ratingId`, `_antreId`, `_userId`, `_siteId`, `_spotId`, `_rating`, `_ulasan`, `_tanggal`) VALUES
(1, 447, 2, 1, 11, 3.5, '-', '0000-00-00');

-- --------------------------------------------------------

--
-- Table structure for table `site_`
--

CREATE TABLE `site_` (
  `_siteId` bigint(16) NOT NULL,
  `_namaSite` varchar(100) NOT NULL,
  `_deskripsi` text NOT NULL,
  `no_wa` varchar(20) NOT NULL,
  `_jenisId` bigint(16) NOT NULL,
  `_logo` varchar(255) DEFAULT NULL,
  `_img1` varchar(255) NOT NULL,
  `_img2` varchar(255) NOT NULL,
  `_img3` varchar(255) NOT NULL,
  `_img4` varchar(255) NOT NULL,
  `_img5` varchar(255) NOT NULL,
  `_alamatSite` varchar(100) NOT NULL,
  `_emailSite` varchar(50) NOT NULL,
  `_passwordSite` varchar(255) NOT NULL,
  `_tanggalDaftar` timestamp NOT NULL DEFAULT CURRENT_TIMESTAMP,
  `_lat` double DEFAULT NULL,
  `_lng` double DEFAULT NULL,
  `_status` tinyint(1) NOT NULL DEFAULT '0' COMMENT '0=non aktif, 1=aktif',
  `_token` varchar(255) DEFAULT NULL,
  `_type` tinyint(1) NOT NULL DEFAULT '0' COMMENT '0=biasa, 1=premium',
  `_update_date` datetime NOT NULL,
  `_expired_date` datetime NOT NULL,
  `_tema` varchar(15) NOT NULL DEFAULT 'theme-dark'
) ENGINE=InnoDB DEFAULT CHARSET=latin1;

--
-- Dumping data for table `site_`
--

INSERT INTO `site_` (`_siteId`, `_namaSite`, `_deskripsi`, `no_wa`, `_jenisId`, `_logo`, `_img1`, `_img2`, `_img3`, `_img4`, `_img5`, `_alamatSite`, `_emailSite`, `_passwordSite`, `_tanggalDaftar`, `_lat`, `_lng`, `_status`, `_token`, `_type`, `_update_date`, `_expired_date`, `_tema`) VALUES
(1, 'KLINIK MERDEKA (SAMPLE)', 'Klinik ini hanya sample klinik yang digunakan untuk contoh dalam applikasi.', '088212812190', 1, NULL, '1a.jpg', '1b.jpg', '1c.jpg', '1d.jpg', '1e.jpg', 'Jl. Hayam Wuruk No.226b, Panjer, Kec. Denpasar Sel., Kota Denpasar, Bali 80239, Indonesia', 'sample@gmail.com', 'd8578edf8458ce06fbc5bb76a58c5ca4', '2018-11-21 16:00:00', -8.662721212902964, 115.24002604186533, 1, 'loggedOut', 1, '0000-00-00 00:00:00', '0000-00-00 00:00:00', 'theme-dark'),
(12, 'Bank BRI', 'melayani registrasi dan tarik tunai', '08998535139', 6, NULL, '28-09-2018-10:56:35.jpg', '', '', '', '', 'Jl. Hayam Wuruk No.119, Sumerta Kelod, Kec. Denpasar Tim., Kota Denpasar, Bali 80236, Indonesia', 'guswira.fun@gmail.com', '7febf3b66ac09eb705275c65d926e93c', '2018-09-27 16:00:00', -8.656961539077075, 115.23478735238315, 1, 'loggedOut', 0, '0000-00-00 00:00:00', '0000-00-00 00:00:00', 'theme-dark'),
(16, 'BPD', 'membangun bali', '', 6, NULL, '02-10-2018-14:15:08.jpg', '', '', '', '', 'Ruoqiang, Bayingol, Xinjiang, China', 'guswira.fun@gmail.com', '7febf3b66ac09eb705275c65d926e93c', '2018-10-01 16:00:00', 37.197651687122274, 88.54200281202793, 1, NULL, 0, '0000-00-00 00:00:00', '0000-00-00 00:00:00', 'theme-dark'),
(17, 'Office Name', 'office description', '', 1, NULL, '15-10-2018-15:01:55.jpg', '15-10-2018-15:02:08.jpg', '15-10-2018-15:02:30.jpg', '15-10-2018-15:02:45.jpg', '15-10-2018-15:03:01.jpg', 'Buntut Ponte, Serawai, Sintang Regency, West Kalimantan, Indonesia', 'contoh@gmail.com', 'd8578edf8458ce06fbc5bb76a58c5ca4', '2018-10-14 16:00:00', -0.3653217685649068, 112.53339651972055, 1, NULL, 0, '0000-00-00 00:00:00', '0000-00-00 00:00:00', 'theme-dark'),
(18, 'BRI', 'test', '', 6, NULL, '18122018161931.jpg', '', '', '', '', '1600 Amphitheatre Pkwy, Mountain View, CA 94043, USA', 'guswira.prod@gmail.com', '7febf3b66ac09eb705275c65d926e93c', '2018-12-17 16:00:00', 37.421998189179185, -122.0839998498559, 0, NULL, 1, '0000-00-00 00:00:00', '0000-00-00 00:00:00', 'theme-dark'),
(19, 'Office1', 'Office1', '', 4, NULL, '', '04062019171859.jpg', '04062019171844.jpg', '04062019171827.jpg', '04062019171812.jpg', '55, Hommachi, Musashimurayama-Shi, Tokyo, Japan', 'Office1@gmail.com', 'd8578edf8458ce06fbc5bb76a58c5ca4', '2019-06-03 16:00:00', 35.76359420462394, 139.3897119796348, 0, NULL, 0, '2019-06-20 09:00:38', '2019-06-18 00:00:00', 'theme-dark'),
(22, 'Site 1', 'Site Ine', '', 1, NULL, '21062019124545.jpg', '20062019195032.jpg', '', '21062019124609.jpg', '20062019195009.jpg', 'Jalan Merdeka 2 No. 14, Sumerta Kelod, Denpasar, Bali, Indonesia', 'site1@gmail.com', 'd8578edf8458ce06fbc5bb76a58c5ca4', '2019-06-19 16:00:00', -8.666716035163049, 115.24047725850704, 0, NULL, 0, '0000-00-00 00:00:00', '0000-00-00 00:00:00', 'theme-dark'),
(23, 'Tes2', 'ok2', '08998212121', 1, NULL, '', '', '', '', '', '1600 Amphitheatre Pkwy, Mountain View, CA 94043, USA', 'wira2fun2@gmail.com', '7febf3b66ac09eb705275c65d926e93c', '2019-06-21 16:00:00', 37.42200697609041, -122.08402130752802, 0, NULL, 0, '0000-00-00 00:00:00', '0000-00-00 00:00:00', 'theme-dark'),
(24, 'Testing', 'testing', '08174791144', 1, NULL, '05072019113126.jpg', '', '', '', '', 'Jl. Merdeka No.47, Panjer, Kec. Denpasar Sel., Kota Denpasar, Bali 80239, Indonesia', 'test@gmail.com', 'd8578edf8458ce06fbc5bb76a58c5ca4', '2019-06-30 16:00:00', -8.664975738078603, 115.23876070976257, 1, NULL, 1, '0000-00-00 00:00:00', '0000-00-00 00:00:00', 'theme-dark'),
(25, 'pt testing', 'tes tes', '08144477', 1, NULL, '05072019111626.jpg', '05072019111615.jpg', '', '', '', 'Jalan Merdeka - Mohammad Yamin, Sumerta Kelod, Denpasar, Bali, Indonesia', 'testing@gmail.com', 'd8578edf8458ce06fbc5bb76a58c5ca4', '2019-07-04 16:00:00', -8.665052456548553, 115.23860241458101, 1, NULL, 1, '0000-00-00 00:00:00', '0000-00-00 00:00:00', 'theme-dark'),
(26, 'klinik Andi', 'melayani', ' 12345', 1, NULL, '12072019164926.jpg', '12072019165002.jpg', '12072019164858.jpg', '12072019165017.jpg', '12072019164941.jpg', '80582, Ubud, Gianyar, Bali, Indonesia', 'Andy@gmail.com', 'd8578edf8458ce06fbc5bb76a58c5ca4', '2019-07-11 16:00:00', -8.544494547257656, 115.2350718115083, 0, NULL, 0, '0000-00-00 00:00:00', '0000-00-00 00:00:00', 'theme-dark');

-- --------------------------------------------------------

--
-- Table structure for table `spot_`
--

CREATE TABLE `spot_` (
  `_spotId` bigint(16) NOT NULL,
  `_siteId` bigint(16) NOT NULL,
  `_namaSpot` varchar(50) NOT NULL,
  `_initial` varchar(2) NOT NULL,
  `_person` varchar(100) NOT NULL,
  `_usernameSpot` varchar(30) NOT NULL,
  `_passwordSpot` varchar(255) NOT NULL,
  `_logo` varchar(255) DEFAULT '',
  `_batasAntrianSpot` int(3) NOT NULL,
  `_estimasiWaktu` int(4) NOT NULL,
  `_tanggalDaftar` timestamp NOT NULL DEFAULT CURRENT_TIMESTAMP,
  `_allowOptDayChange` int(1) NOT NULL DEFAULT '0' COMMENT '0 tidak boleh beda, 1 boleh beda',
  `_desc` varchar(200) NOT NULL,
  `_info` varchar(200) NOT NULL,
  `_addimg` tinyint(1) NOT NULL DEFAULT '2' COMMENT '0=tidak, 1=ya, 2=opsional',
  `_hide` tinyint(1) NOT NULL DEFAULT '1' COMMENT '1=show, 0=hide',
  `_statuson` tinyint(1) NOT NULL DEFAULT '1' COMMENT '1=on, 0=off',
  `_english1` varchar(30) NOT NULL DEFAULT 'Queue Number',
  `_english2` varchar(30) DEFAULT 'Please Come To',
  `_indo1` varchar(30) NOT NULL DEFAULT 'Nomor Antrian',
  `_indo2` varchar(30) NOT NULL DEFAULT 'Silahkan menuju. counter',
  `_openbook` tinyint(1) NOT NULL DEFAULT '1' COMMENT '0=tutup, 1=buka'
) ENGINE=InnoDB DEFAULT CHARSET=latin1;

--
-- Dumping data for table `spot_`
--

INSERT INTO `spot_` (`_spotId`, `_siteId`, `_namaSpot`, `_initial`, `_person`, `_usernameSpot`, `_passwordSpot`, `_logo`, `_batasAntrianSpot`, `_estimasiWaktu`, `_tanggalDaftar`, `_allowOptDayChange`, `_desc`, `_info`, `_addimg`, `_hide`, `_statuson`, `_english1`, `_english2`, `_indo1`, `_indo2`, `_openbook`) VALUES
(1, 1, 'Poli Umum 1', 'A', 'Dr. Agus Susanto t', 'poliumum', 'd8578edf8458ce06fbc5bb76a58c5ca4', '05072019113237.jpg', 10, 20, '2018-11-21 21:50:56', 1, 'Melayani pasien BPJS.\nhttp://bamboomedia.net', 'Isikan No.RM, Nama, Alamat, Keterangan ', 0, 0, 1, 'Queue ', 'Please ', 'Nomor Antrian', 'Nomor Antrian', 1),
(5, 1, 'Poli Gigi', 'B', 'dr. Wilya Ningrum', 'poligigi', 'd8578edf8458ce06fbc5bb76a58c5ca4', '05072019113237.jpg', 15, 10, '2018-11-22 17:55:46', 1, 'Menerima pasien BPJS', 'Inputkan no kartu - Nama pasien - Keluhan', 2, 1, 1, 'Queue Number', 'Please Come To', 'Nomor Antrian', 'Silahkan menuju. counter', 1),
(8, 1, 'Poli Dalam', 'C', 'dr. Widya Herlina, Sp. PD', 'polidalam', 'd8578edf8458ce06fbc5bb76a58c5ca4', '05072019113237.jpg', 10, 20, '2018-11-22 19:58:39', 1, 'Menerima pasien BPJS', 'Tell counter what you want to do', 2, 1, 1, 'Queue Number', 'Please Come To', 'Nomor Antrian', 'Silahkan menuju. counter', 1),
(9, 1, 'Poli Saraf', 'D', 'dr. Adi Nugroho Baktiar, Sp.S. M.Kes', 'polisaraf', 'd8578edf8458ce06fbc5bb76a58c5ca4', '05072019113237.jpg', 20, 20, '2018-11-27 22:03:14', 1, 'Menerima pasien BPJS ', 'Inputkan No kartu, Nama, Keterangan', 0, 0, 1, 'Queue Number', 'Please Come To', 'Nomor Antrian', 'Silahkan menuju. counter', 1),
(11, 1, 'Poli Anak', 'E', 'dr. Agustina Rahayu, Sp. A', 'polianak', 'd8578edf8458ce06fbc5bb76a58c5ca4', '05072019113237.jpg', 0, 20, '2018-12-09 21:16:30', 1, 'Melayani pasien BPJS', 'Inputkan no kartu - Nama - Alamat', 0, 1, 1, 'LINe up', 'Please', 'Nomor antrian', 'Silahkan ke', 0),
(12, 16, 'Counter 1', 'A', 'wira', 'bpd1', '7febf3b66ac09eb705275c65d926e93c', '02-10-2018-14:33:51.jpg', 20, 20, '2018-10-02 06:32:27', 0, 'melayani registrasi ', '', 2, 1, 0, 'Queue Number', 'Please Come To', 'Nomor Antrian', 'Silahkan menuju. counter', 1),
(13, 12, 'Pendaftaran1', 'A', 'wira', 'bri1', '7febf3b66ac09eb705275c65d926e93c', '02-10-2018-15:00:04.jpg', 20, 20, '2018-10-02 06:59:12', 1, 'melayani pendaftaran', 'Isi data diri ya', 2, 0, 0, 'Queue Number', 'Please Come To', 'Nomor Antrian', 'Silahkan menuju. counter', 1),
(14, 1, 'Apotek Merdeka', 'F', 'Sujaya', 'apotek', 'd8578edf8458ce06fbc5bb76a58c5ca4', '05072019113237.jpg', 0, 15, '2019-01-10 19:08:12', 1, 'Pembelian dan penukaran resep', 'Inputkan nama anda atau foto resep anda.', 0, 0, 1, 'Queue Number', 'Please Come To', 'Nomor Antrian', 'Silahkan menuju. counter', 1),
(16, 17, 'Counter 1', 'A', 'person 1', 'c1', 'd8578edf8458ce06fbc5bb76a58c5ca4', 'DEFAULT', 50, 20, '2018-10-15 06:57:15', 0, 'counter description 1', '', 2, 1, 0, 'Queue Number', 'Please Come To', 'Nomor Antrian', 'Silahkan menuju. counter', 1),
(18, 18, 'Counter1', 'A', 'test', 'bric1', '7febf3b66ac09eb705275c65d926e93c', 'DEFAULT', 0, 20, '2018-12-18 08:20:35', 0, 'ok', 'Isi foto bpjs', 2, 1, 0, 'Queue Number', 'Please Come To', 'Nomor Antrian', 'Silahkan menuju. counter', 1),
(27, 1, 'qwert', 'G', 'qwert', 'qwert', 'd8578edf8458ce06fbc5bb76a58c5ca4', 'http:%2F%2Fnull', 0, 5, '2019-06-19 22:40:24', 1, 'qwert', 'qwert', 2, 1, 0, 'Queue Number', 'Please Come To', 'Nomor Antrian', 'Silahkan menuju. counter', 1),
(34, 22, 'Clinic 1', 'A', 'Agus', 'Clinic1', 'd8578edf8458ce06fbc5bb76a58c5ca4', '21062019123634.jpg', 10, 20, '2019-06-20 10:29:12', 1, 'Qwerty', 'Qwerty', 0, 0, 0, 'Queue Number', 'Please Come To', 'Nomor Antrian', 'Silahkan menuju. counter', 1),
(35, 1, 'Poli Penyakit Dalam', 'H', 'Satya', 'penyakitdal', 'e10adc3949ba59abbe56e057f20f883e', 'DEFAULT', 0, 10, '2019-06-26 03:02:17', 0, '', '', 2, 1, 0, 'Queue Number', 'Please Come To', 'Nomor Antrian', 'Silahkan menuju. counter', 1),
(36, 1, 'Poli Penyakit Dalam', 'I', 'Satya', 'penyakitdal', 'e10adc3949ba59abbe56e057f20f883e', 'DEFAULT', 0, 10, '0000-00-00 00:00:00', 0, '', '', 2, 1, 0, 'Queue Number', 'Please Come To', 'Nomor Antrian', 'Silahkan menuju. counter', 1),
(37, 1, 'Poli Kulit dan Kelamin', 'J', 'Satya', 'penyakitkul', 'e10adc3949ba59abbe56e057f20f883e', 'DEFAULT', 0, 10, '0000-00-00 00:00:00', 0, '', '', 2, 1, 0, 'Queue Number', 'Please Come To', 'Nomor Antrian', 'Silahkan menuju. counter', 1),
(38, 1, 'Poli Tulang', 'K', 'Wawan', 'penyakittul', 'e10adc3949ba59abbe56e057f20f883e', 'DEFAULT', 0, 10, '0000-00-00 00:00:00', 0, '', '', 2, 1, 0, 'Queue Number', 'Please Come To', 'Nomor Antrian', 'Silahkan menuju. counter', 1),
(39, 1, 'Poli Gigi 2', 'L', 'Dede', 'penyakitgig', 'e10adc3949ba59abbe56e057f20f883e', 'DEFAULT', 0, 10, '0000-00-00 00:00:00', 0, '', '', 2, 1, 0, 'Queue Number', 'Please Come To', 'Nomor Antrian', 'Silahkan menuju. counter', 1),
(40, 1, 'Poli Umum 2', 'M', 'sasa', 'penyakitum', 'e10adc3949ba59abbe56e057f20f883e', 'DEFAULT', 0, 10, '0000-00-00 00:00:00', 0, '', '', 2, 1, 0, 'Queue Number', 'Please Come To', 'Nomor Antrian', 'Silahkan menuju. counter', 1),
(41, 1, 'Poli UGD', 'N', 'sasa', 'penyakitug', 'e10adc3949ba59abbe56e057f20f883e', 'DEFAULT', 0, 10, '0000-00-00 00:00:00', 0, '', '', 2, 1, 0, 'Queue Number', 'Please Come To', 'Nomor Antrian', 'Silahkan menuju. counter', 1),
(42, 1, 'Poli ICU', 'O', 'sasa', 'penyakitic', 'e10adc3949ba59abbe56e057f20f883e', 'DEFAULT', 0, 10, '0000-00-00 00:00:00', 0, '', '', 2, 1, 0, 'Queue Number', 'Please Come To', 'Nomor Antrian', 'Silahkan menuju. counter', 1),
(43, 1, 'Poli Observasi', 'P', 'sasa', 'penyakitob', 'e10adc3949ba59abbe56e057f20f883e', 'DEFAULT', 0, 10, '0000-00-00 00:00:00', 0, '', '', 2, 1, 0, 'Queue Number', 'Please Come To', 'Nomor Antrian', 'Silahkan menuju. counter', 1),
(44, 1, 'Poli Laboratorium', 'Q', 'sasa', 'penyakitlab', 'e10adc3949ba59abbe56e057f20f883e', 'DEFAULT', 0, 10, '0000-00-00 00:00:00', 0, '', '', 2, 1, 0, 'Queue Number', 'Please Come To', 'Nomor Antrian', 'Silahkan menuju. counter', 1),
(45, 1, 'Poli THT', 'R', 'sasa', 'penyakittht', 'e10adc3949ba59abbe56e057f20f883e', 'DEFAULT', 0, 10, '0000-00-00 00:00:00', 0, '', '', 2, 1, 0, 'Queue Number', 'Please Come To', 'Nomor Antrian', 'Silahkan menuju. counter', 1),
(46, 1, 'Poli Kelainan', 'S', 'sasa', 'penyakitkelm', 'e10adc3949ba59abbe56e057f20f883e', 'DEFAULT', 0, 10, '0000-00-00 00:00:00', 0, '', '', 2, 1, 0, 'Queue Number', 'Please Come To', 'Nomor Antrian', 'Silahkan menuju. counter', 1),
(47, 24, 'test 1', 'A', 'qwerty', 'test', 'd8578edf8458ce06fbc5bb76a58c5ca4', '05072019113250.jpg', 2, 10, '2019-07-01 09:07:34', 0, 'fgg', 'Masukan nik', 0, 0, 0, 'Queue Number', 'Please Come To', ' Antrian', ' Antrian', 1),
(48, 25, 'Poli testing', 'A', 'Testing mr', 'Politesting', 'd8578edf8458ce06fbc5bb76a58c5ca4', '', 5, 10, '2019-07-05 03:18:20', 1, 'Ssn', '', 0, 0, 0, 'Queue Number', 'Please Come To', 'Nomor Antrian', 'Silahkan menuju. counter', 1),
(49, 24, 'Test 2', 'B', 'Teting nama', 'Test2', 'd8578edf8458ce06fbc5bb76a58c5ca4', '', 2, 10, '2019-07-05 03:26:37', 1, 'Apa ya', '', 2, 1, 0, 'Queue Number', 'Please Come To', 'Nomor Antrian', 'Silahkan menuju. counter', 1),
(50, 24, 'Test 3', 'C', 'Nama test 3', 'Test3', 'd8578edf8458ce06fbc5bb76a58c5ca4', '', 0, 10, '2019-07-05 03:29:54', 1, 'Apa ta test 3', 'Tt', 2, 1, 0, 'Queue Number', 'Please Come To', 'Nomor Antrian', 'Silahkan menuju. counter', 1);

-- --------------------------------------------------------

--
-- Table structure for table `tv_`
--

CREATE TABLE `tv_` (
  `_tvId` bigint(16) NOT NULL,
  `_siteId` bigint(16) NOT NULL,
  `_username` varchar(20) NOT NULL,
  `_pass` varchar(150) NOT NULL,
  `_token` varchar(255) NOT NULL
) ENGINE=InnoDB DEFAULT CHARSET=latin1;

--
-- Dumping data for table `tv_`
--

INSERT INTO `tv_` (`_tvId`, `_siteId`, `_username`, `_pass`, `_token`) VALUES
(1, 11, '', '', ''),
(2, 1, 'sampletv', 'd8578edf8458ce06fbc5bb76a58c5ca4', ''),
(3, 1, 'sampletv2', 'd8578edf8458ce06fbc5bb76a58c5ca4', ''),
(6, 1, 'wira', 'b84a208080229a5b8be6d60751664a8a', '');

--
-- Indexes for dumped tables
--

--
-- Indexes for table `antreimg_`
--
ALTER TABLE `antreimg_`
  ADD PRIMARY KEY (`_idimg`);

--
-- Indexes for table `antre_`
--
ALTER TABLE `antre_`
  ADD PRIMARY KEY (`_antreId`);

--
-- Indexes for table `bill_`
--
ALTER TABLE `bill_`
  ADD PRIMARY KEY (`_billId`);

--
-- Indexes for table `block_`
--
ALTER TABLE `block_`
  ADD PRIMARY KEY (`_blockID`);

--
-- Indexes for table `harilibur_`
--
ALTER TABLE `harilibur_`
  ADD PRIMARY KEY (`_id`);

--
-- Indexes for table `harioperasional_`
--
ALTER TABLE `harioperasional_`
  ADD PRIMARY KEY (`_id`);

--
-- Indexes for table `jenissite_`
--
ALTER TABLE `jenissite_`
  ADD PRIMARY KEY (`_jenisId`);

--
-- Indexes for table `laporan_`
--
ALTER TABLE `laporan_`
  ADD PRIMARY KEY (`_id`);

--
-- Indexes for table `namahari_`
--
ALTER TABLE `namahari_`
  ADD PRIMARY KEY (`_hari`);

--
-- Indexes for table `picture_`
--
ALTER TABLE `picture_`
  ADD PRIMARY KEY (`_pictureId`);

--
-- Indexes for table `rating_`
--
ALTER TABLE `rating_`
  ADD PRIMARY KEY (`_ratingId`);

--
-- Indexes for table `site_`
--
ALTER TABLE `site_`
  ADD PRIMARY KEY (`_siteId`);

--
-- Indexes for table `spot_`
--
ALTER TABLE `spot_`
  ADD PRIMARY KEY (`_spotId`);

--
-- Indexes for table `tv_`
--
ALTER TABLE `tv_`
  ADD PRIMARY KEY (`_tvId`);

--
-- AUTO_INCREMENT for dumped tables
--

--
-- AUTO_INCREMENT for table `antreimg_`
--
ALTER TABLE `antreimg_`
  MODIFY `_idimg` bigint(16) NOT NULL AUTO_INCREMENT, AUTO_INCREMENT=165;
--
-- AUTO_INCREMENT for table `antre_`
--
ALTER TABLE `antre_`
  MODIFY `_antreId` bigint(16) NOT NULL AUTO_INCREMENT, AUTO_INCREMENT=479;
--
-- AUTO_INCREMENT for table `bill_`
--
ALTER TABLE `bill_`
  MODIFY `_billId` bigint(16) NOT NULL AUTO_INCREMENT;
--
-- AUTO_INCREMENT for table `block_`
--
ALTER TABLE `block_`
  MODIFY `_blockID` bigint(16) NOT NULL AUTO_INCREMENT;
--
-- AUTO_INCREMENT for table `harilibur_`
--
ALTER TABLE `harilibur_`
  MODIFY `_id` bigint(16) NOT NULL AUTO_INCREMENT, AUTO_INCREMENT=2;
--
-- AUTO_INCREMENT for table `harioperasional_`
--
ALTER TABLE `harioperasional_`
  MODIFY `_id` bigint(16) NOT NULL AUTO_INCREMENT, AUTO_INCREMENT=545;
--
-- AUTO_INCREMENT for table `jenissite_`
--
ALTER TABLE `jenissite_`
  MODIFY `_jenisId` bigint(16) NOT NULL AUTO_INCREMENT, AUTO_INCREMENT=7;
--
-- AUTO_INCREMENT for table `laporan_`
--
ALTER TABLE `laporan_`
  MODIFY `_id` bigint(16) NOT NULL AUTO_INCREMENT, AUTO_INCREMENT=2;
--
-- AUTO_INCREMENT for table `namahari_`
--
ALTER TABLE `namahari_`
  MODIFY `_hari` tinyint(4) NOT NULL AUTO_INCREMENT, AUTO_INCREMENT=8;
--
-- AUTO_INCREMENT for table `picture_`
--
ALTER TABLE `picture_`
  MODIFY `_pictureId` bigint(20) NOT NULL AUTO_INCREMENT;
--
-- AUTO_INCREMENT for table `rating_`
--
ALTER TABLE `rating_`
  MODIFY `_ratingId` bigint(16) NOT NULL AUTO_INCREMENT, AUTO_INCREMENT=2;
--
-- AUTO_INCREMENT for table `site_`
--
ALTER TABLE `site_`
  MODIFY `_siteId` bigint(16) NOT NULL AUTO_INCREMENT, AUTO_INCREMENT=27;
--
-- AUTO_INCREMENT for table `spot_`
--
ALTER TABLE `spot_`
  MODIFY `_spotId` bigint(16) NOT NULL AUTO_INCREMENT, AUTO_INCREMENT=51;
--
-- AUTO_INCREMENT for table `tv_`
--
ALTER TABLE `tv_`
  MODIFY `_tvId` bigint(16) NOT NULL AUTO_INCREMENT, AUTO_INCREMENT=7;
/*!40101 SET CHARACTER_SET_CLIENT=@OLD_CHARACTER_SET_CLIENT */;
/*!40101 SET CHARACTER_SET_RESULTS=@OLD_CHARACTER_SET_RESULTS */;
/*!40101 SET COLLATION_CONNECTION=@OLD_COLLATION_CONNECTION */;
